Indexcd,Trddt,Daywk,Opnindex,Hiindex,Loindex,Clsindex,Retindex
1,2010/1/4,1,3289.75,3295.279,3243.319,3243.76,-0.010185
1,2010/1/5,2,3254.468,3290.512,3221.462,3282.179,0.011844
1,2010/1/6,3,3277.517,3295.868,3253.044,3254.215,-0.00852
1,2010/1/7,4,3253.991,3268.819,3176.707,3192.776,-0.01888
1,2010/1/8,5,3177.259,3198.92,3149.017,3195.997,0.001009
1,2010/1/11,1,3301.611,3306.751,3197.328,3212.75,0.005242
1,2010/1/12,2,3205.705,3275.202,3180.085,3273.966,0.019054
1,2010/1/13,3,3204.976,3232.818,3165.485,3172.658,-0.030944
1,2010/1/14,4,3183.381,3219.016,3165.596,3215.55,0.013519
1,2010/1/15,5,3217.19,3241.815,3197.221,3224.152,0.002675
1,2010/1/18,1,3213.637,3238.242,3202.207,3237.098,0.004015
1,2010/1/19,2,3242.216,3268.806,3236.839,3246.874,0.00302
1,2010/1/20,3,3252.037,3255.128,3148.334,3151.85,-0.029266
1,2010/1/21,4,3154.189,3176.147,3126.902,3158.863,0.002225
1,2010/1/22,5,3118.724,3147.829,3062.629,3128.588,-0.009584
1,2010/1/25,1,3103.32,3136.999,3092.926,3094.411,-0.010924
1,2010/1/26,2,3094.848,3107.198,3001.956,3019.394,-0.024243
1,2010/1/27,3,3020.54,3028.647,2972.627,2986.607,-0.010859
1,2010/1/28,4,2985.214,3006.039,2963.891,2994.143,0.002523
1,2010/1/29,5,2979.743,3024.848,2968.453,2989.292,-0.00162
1,2010/2/1,1,2981.374,2981.374,2912.887,2941.36,-0.016035
1,2010/2/2,2,2955.753,2990.748,2930.559,2934.713,-0.00226
1,2010/2/3,3,2945.034,3005.131,2890.021,3003.835,0.023553
1,2010/2/4,4,2983.05,3015.126,2968.68,2995.308,-0.002839
1,2010/2/5,5,2936.197,2959.233,2918.909,2939.402,-0.018665
1,2010/2/8,1,2936.452,2954.266,2922.187,2935.174,-0.001438
1,2010/2/9,2,2932.09,2957.474,2929.21,2948.842,0.004657
1,2010/2/10,3,2967.138,2983.179,2958.217,2982.5,0.011414
1,2010/2/11,4,2985.082,3001.636,2976.079,2985.499,0.001006
1,2010/2/12,5,2996.088,3018.858,2993.437,3018.133,0.010931
1,2010/2/22,1,3016.703,3026.659,3002.811,3003.398,-0.004882
1,2010/2/23,2,2998.907,2998.907,2938.753,2982.575,-0.006933
1,2010/2/24,3,2964.984,3023.739,2955.069,3022.177,0.013278
1,2010/2/25,4,3026.656,3063.004,3022.373,3060.618,0.01272
1,2010/2/26,5,3053.498,3067.525,3041.689,3051.943,-0.002834
1,2010/3/1,1,3057.006,3093.095,3054.554,3087.842,0.011763
1,2010/3/2,2,3089.706,3095.992,3060.956,3073.108,-0.004772
1,2010/3/3,3,3074.099,3098.456,3061.467,3097.005,0.007776
1,2010/3/4,4,3098.069,3102.398,3016.215,3023.373,-0.023775
1,2010/3/5,5,3026.639,3044.165,3011.088,3031.065,0.002544
1,2010/3/8,1,3036.415,3058.832,3030.905,3053.232,0.007313
1,2010/3/9,2,3053.26,3084.85,3028.69,3069.141,0.005211
1,2010/3/10,3,3067.15,3085.994,3034.739,3048.927,-0.006586
1,2010/3/11,4,3050.644,3070.935,3025.309,3051.282,0.000772
1,2010/3/12,5,3051.474,3057.519,3011.972,3013.412,-0.012411
1,2010/3/15,1,3010.722,3013.517,2963.494,2976.939,-0.012104
1,2010/3/16,2,2974.487,2993.843,2963.438,2992.841,0.005342
1,2010/3/17,3,2999.815,3050.757,2994.893,3050.479,0.019259
1,2010/3/18,4,3053.158,3063.586,3035.019,3046.089,-0.001439
1,2010/3/19,5,3046.749,3069.662,3031.023,3067.75,0.007111
1,2010/3/22,1,3069.66,3083.345,3061.759,3074.576,0.002225
1,2010/3/23,2,3076.957,3082.965,3051.211,3053.125,-0.006977
1,2010/3/24,3,3058.928,3076.749,3052.213,3056.808,0.001206
1,2010/3/25,4,3051.356,3051.356,3012.308,3019.176,-0.012311
1,2010/3/26,5,3017.215,3067.707,3009.905,3059.715,0.013427
1,2010/3/29,1,3076.048,3130.279,3071.69,3123.798,0.020944
1,2010/3/30,2,3123.832,3132.576,3113.767,3128.468,0.001495
1,2010/3/31,3,3129.574,3130.112,3101.756,3109.105,-0.006189
1,2010/4/1,4,3111.935,3148.344,3111.935,3147.416,0.012322
1,2010/4/2,5,3154.77,3159.598,3141.866,3157.957,0.003349
1,2010/4/6,2,3170.612,3177.968,3141.93,3158.681,0.000229
1,2010/4/7,3,3156.314,3161.081,3132.236,3148.222,-0.003311
1,2010/4/8,4,3143.451,3143.827,3110.256,3118.709,-0.009374
1,2010/4/9,5,3118.926,3146.459,3114.788,3145.347,0.008541
1,2010/4/12,1,3151.888,3156.211,3111.899,3129.263,-0.005114
1,2010/4/13,2,3129.692,3173.634,3101.483,3161.251,0.010222
1,2010/4/14,3,3161.551,3167.658,3145.555,3166.183,0.00156
1,2010/4/15,4,3168.139,3181.663,3135.99,3164.966,-0.000384
1,2010/4/16,5,3159.672,3159.672,3121.366,3130.302,-0.010952
1,2010/4/19,1,3096.785,3096.785,2977.774,2980.297,-0.04792
1,2010/4/20,2,2980.081,2998.913,2941.35,2979.533,-0.000256
1,2010/4/21,3,2984.618,3034.327,2972.096,3033.278,0.018038
1,2010/4/22,4,3021.289,3023.641,2978.457,2999.484,-0.011141
1,2010/4/23,5,2995.568,3015.633,2966.785,2983.537,-0.005317
1,2010/4/26,1,2988.077,2996.828,2965.832,2969.503,-0.004704
1,2010/4/27,2,2962.145,2962.145,2866.342,2907.928,-0.020736
1,2010/4/28,3,2883.167,2916.676,2865.469,2900.331,-0.002613
1,2010/4/29,4,2912.196,2928.93,2867.938,2868.432,-0.010998
1,2010/4/30,5,2867.649,2875.806,2820.949,2870.611,0.00076
1,2010/5/4,2,2821.354,2862.555,2809.132,2835.277,-0.012309
1,2010/5/5,3,2804.514,2857.293,2770.328,2857.151,0.007715
1,2010/5/6,4,2838.951,2838.951,2734.999,2739.702,-0.041107
1,2010/5/7,5,2685.992,2732.183,2665.812,2688.383,-0.018732
1,2010/5/10,1,2690.859,2713.061,2646.589,2698.757,0.003859
1,2010/5/11,2,2745.604,2751.07,2638.533,2647.574,-0.018965
1,2010/5/12,3,2628.019,2668.118,2604.198,2655.714,0.003075
1,2010/5/13,4,2653.579,2711.066,2646.896,2710.507,0.020632
1,2010/5/14,5,2692.096,2712.863,2677.19,2696.629,-0.00512
1,2010/5/17,1,2663.882,2663.882,2557.239,2559.931,-0.050692
1,2010/5/18,2,2555.141,2603.32,2529.625,2594.783,0.013614
1,2010/5/19,3,2581.63,2623.959,2554.984,2587.807,-0.002688
1,2010/5/20,4,2571.54,2609.639,2551.452,2555.94,-0.012314
1,2010/5/21,5,2492.575,2584.452,2481.974,2583.522,0.010791
1,2010/5/24,1,2596.318,2680.493,2596.318,2673.423,0.034798
1,2010/5/25,2,2654.359,2659.74,2609.086,2622.63,-0.018999
1,2010/5/26,3,2620.853,2644.941,2610.51,2625.793,0.001206
1,2010/5/27,4,2615.105,2662.081,2583.548,2655.918,0.011473
1,2010/5/28,5,2680.403,2686.542,2641.405,2655.767,-0.000057
1,2010/5/31,1,2647.868,2665.39,2591.535,2592.147,-0.023955
1,2010/6/1,2,2577.763,2598.897,2534.267,2568.283,-0.009206
1,2010/6/2,3,2548.542,2572.343,2521.057,2571.423,0.001223
1,2010/6/3,4,2575.77,2596.137,2551.529,2552.656,-0.007298
1,2010/6/4,5,2536.231,2556.969,2527.873,2553.593,0.000367
1,2010/6/7,1,2508.329,2527.104,2491.661,2511.729,-0.016394
1,2010/6/8,2,2510.084,2531.882,2491.647,2513.947,0.000883
1,2010/6/9,3,2523.879,2589.473,2501.118,2583.87,0.027814
1,2010/6/10,4,2561.549,2581.047,2554.787,2562.58,-0.00824
1,2010/6/11,5,2574.899,2590.979,2566.616,2569.942,0.002873
1,2010/6/17,4,2588.965,2595.509,2559.723,2560.245,-0.003773
1,2010/6/18,5,2556.602,2568.861,2505.327,2513.222,-0.018367
1,2010/6/21,1,2517.292,2587.34,2504.315,2586.21,0.029042
1,2010/6/22,2,2579.631,2598.353,2572.962,2588.698,0.000962
1,2010/6/23,3,2576.343,2593.673,2546.52,2569.872,-0.007272
1,2010/6/24,4,2563.639,2586.898,2554.342,2566.745,-0.001217
1,2010/6/25,5,2556.54,2572.832,2534.269,2552.817,-0.005426
1,2010/6/28,1,2550.649,2561.485,2528.385,2535.278,-0.00687
1,2010/6/29,2,2534.496,2541.142,2425.927,2427.053,-0.042688
1,2010/6/30,3,2409.542,2411.441,2382.358,2398.37,-0.011818
1,2010/7/1,4,2393.947,2410.769,2371.778,2373.792,-0.010248
1,2010/7/2,5,2371.323,2386.4,2319.739,2382.901,0.003837
1,2010/7/5,1,2358.757,2378.088,2335.571,2363.947,-0.007954
1,2010/7/6,2,2358.284,2409.783,2356.553,2409.424,0.019238
1,2010/7/7,3,2407.665,2421.679,2392.567,2421.117,0.004853
1,2010/7/8,4,2429.676,2436.283,2402.002,2415.15,-0.002465
1,2010/7/9,5,2416.58,2485.6,2398.676,2470.923,0.023093
1,2010/7/12,1,2468.541,2501.024,2455.814,2490.718,0.008011
1,2010/7/13,2,2468.69,2468.69,2439.243,2450.286,-0.016233
1,2010/7/14,3,2456.103,2494.589,2456.103,2470.44,0.008225
1,2010/7/15,4,2465.989,2487.237,2423.649,2424.304,-0.018675
1,2010/7/16,5,2414.681,2428.464,2389.071,2424.271,-0.000014
1,2010/7/19,1,2399.58,2484.194,2392.273,2475.421,0.021099
1,2010/7/20,2,2477.753,2530.331,2477.46,2528.73,0.021535
1,2010/7/21,3,2529.619,2553.452,2520.149,2535.394,0.002635
1,2010/7/22,4,2525.976,2563.239,2522.201,2562.406,0.010654
1,2010/7/23,5,2566.851,2579.523,2549.237,2572.028,0.003755
1,2010/7/26,1,2576.372,2589.484,2556.466,2588.683,0.006475
1,2010/7/27,2,2581.59,2587.997,2565.636,2575.368,-0.005144
1,2010/7/28,3,2574.322,2636.002,2564.156,2633.663,0.022636
1,2010/7/29,4,2635.048,2656.408,2623.944,2648.116,0.005488
1,2010/7/30,5,2642.852,2643.035,2614.732,2637.503,-0.004008
1,2010/8/2,1,2635.807,2675.762,2633.647,2672.516,0.013275
1,2010/8/3,2,2678.791,2681.786,2626.722,2627.002,-0.01703
1,2010/8/4,3,2620.499,2638.898,2589.988,2638.522,0.004385
1,2010/8/5,4,2636.243,2640.589,2606.622,2620.757,-0.006733
1,2010/8/6,5,2618.713,2659.412,2598.913,2658.392,0.01436
1,2010/8/9,1,2656.364,2676.09,2650.397,2672.533,0.005319
1,2010/8/10,2,2672.793,2675.313,2594.336,2595.274,-0.028909
1,2010/8/11,3,2587.615,2618.451,2586.018,2607.497,0.00471
1,2010/8/12,4,2584.919,2608.761,2570.963,2575.475,-0.012281
1,2010/8/13,5,2576.687,2607.033,2564.838,2606.7,0.012124
1,2010/8/16,1,2603.792,2665.314,2596.771,2661.708,0.021103
1,2010/8/17,2,2663.184,2677.57,2654.011,2671.893,0.003826
1,2010/8/18,3,2674.501,2687.76,2654.408,2666.301,-0.002093
1,2010/8/19,4,2669.431,2701.93,2659.297,2687.979,0.00813
1,2010/8/20,5,2677.019,2683.288,2636.908,2642.307,-0.016991
1,2010/8/23,1,2637.82,2656.116,2629.707,2639.366,-0.001113
1,2010/8/24,2,2636.532,2667.171,2614.563,2650.307,0.004145
1,2010/8/25,3,2634.95,2645.503,2595.728,2596.58,-0.020272
1,2010/8/26,4,2604.882,2616.962,2590.614,2603.481,0.002658
1,2010/8/27,5,2602.501,2613.487,2588.643,2610.742,0.002789
1,2010/8/30,1,2622.266,2656.355,2620.19,2652.664,0.016058
1,2010/8/31,2,2644.787,2647.253,2626.793,2638.798,-0.005227
1,2010/9/1,3,2641.053,2662.876,2604.487,2622.882,-0.006032
1,2010/9/2,4,2646.893,2659.978,2636.418,2655.776,0.012541
1,2010/9/3,5,2658.129,2660.539,2631.851,2655.394,-0.000144
1,2010/9/6,1,2667.195,2698.601,2664.239,2696.25,0.015386
1,2010/9/7,2,2698.218,2704.933,2679.023,2698.363,0.000784
1,2010/9/8,3,2687.711,2695.845,2674.321,2695.291,-0.001138
1,2010/9/9,4,2698.638,2698.638,2651.602,2656.352,-0.014447
1,2010/9/10,5,2657.235,2667.837,2628.829,2663.209,0.002581
1,2010/9/13,1,2665.655,2696.674,2660.607,2688.32,0.009429
1,2010/9/14,2,2694.069,2703.781,2678.974,2688.522,0.000075
1,2010/9/15,3,2688.386,2688.49,2645.864,2652.503,-0.013397
1,2010/9/16,4,2646.921,2653.272,2583.337,2602.465,-0.018864
1,2010/9/17,5,2607.551,2615.079,2592.535,2598.689,-0.001451
1,2010/9/20,1,2601.482,2607.347,2573.629,2588.713,-0.003839
1,2010/9/21,2,2593.763,2601.099,2580.177,2591.55,0.001096
1,2010/9/27,1,2600.54,2629.045,2597.139,2627.967,0.014052
1,2010/9/28,2,2625.326,2625.326,2607.018,2611.354,-0.006322
1,2010/9/29,3,2608.919,2634.124,2603.927,2610.678,-0.000259
1,2010/9/30,4,2599.715,2655.999,2597.597,2655.658,0.017229
1,2010/10/8,5,2681.253,2747.805,2677.994,2738.744,0.031286
1,2010/10/11,1,2755.026,2823.597,2755.026,2806.942,0.024901
1,2010/10/12,2,2795.764,2843.428,2782.341,2841.407,0.012278
1,2010/10/13,3,2842.138,2862.035,2826.221,2861.361,0.007023
1,2010/10/14,4,2881.552,2919.414,2864.519,2879.636,0.006387
1,2010/10/15,5,2863.738,2971.16,2858.216,2971.16,0.031783
1,2010/10/18,1,2985.462,3026.099,2944.715,2955.227,-0.005363
1,2010/10/19,2,2949.63,3002.371,2931.91,3001.853,0.015777
1,2010/10/20,3,2947.511,3041.151,2942.505,3003.951,0.000699
1,2010/10/21,4,3009.225,3018.244,2958.546,2983.533,-0.006797
1,2010/10/22,5,2976.754,2997.624,2954.619,2975.043,-0.002846
1,2010/10/25,1,2979.706,3051.539,2959.298,3051.419,0.025672
1,2010/10/26,2,3065.844,3073.384,3017.818,3041.543,-0.003237
1,2010/10/27,3,3031.645,3056.399,2988.871,2997.048,-0.014629
1,2010/10/28,4,2989.29,3007.013,2969.304,2992.579,-0.001491
1,2010/10/29,5,2993.296,2996.774,2955.48,2978.835,-0.004593
1,2010/11/1,1,2986.886,3054.05,2986.886,3054.021,0.02524
1,2010/11/2,2,3061.631,3089.568,3029.324,3045.434,-0.002812
1,2010/11/3,3,3044.022,3069.066,3017.098,3030.988,-0.004743
1,2010/11/4,4,3035.366,3087.421,3035.366,3086.939,0.01846
1,2010/11/5,5,3129.87,3142.589,3105.921,3129.497,0.013786
1,2010/11/8,1,3140.395,3160.699,3124.091,3159.512,0.009591
1,2010/11/9,2,3159.019,3159.019,3110.343,3135,-0.007758
1,2010/11/10,3,3120.44,3124.256,3093.878,3115.356,-0.006266
1,2010/11/11,4,3108.511,3186.72,3102.774,3147.744,0.010396
1,2010/11/12,5,3121.922,3150.146,2975.163,2985.435,-0.051564
1,2010/11/15,1,2984.872,3016.131,2939.68,3014.413,0.009706
1,2010/11/16,2,3007.643,3007.643,2885.753,2894.538,-0.039767
1,2010/11/17,3,2852.478,2891.052,2824.121,2838.857,-0.019237
1,2010/11/18,4,2855.605,2873.696,2827.179,2865.452,0.009368
1,2010/11/19,5,2879.655,2888.75,2806.644,2888.566,0.008066
1,2010/11/22,1,2861.606,2904.97,2852.774,2884.371,-0.001452
1,2010/11/23,2,2872.172,2872.172,2791.584,2828.282,-0.019446
1,2010/11/24,3,2794.864,2861.485,2794.864,2859.936,0.011192
1,2010/11/25,4,2875.858,2901.675,2856.962,2898.261,0.013401
1,2010/11/26,5,2890.287,2894.421,2851.957,2871.698,-0.009165
1,2010/11/29,1,2861.149,2878.827,2841.795,2866.356,-0.00186
1,2010/11/30,2,2863.412,2881.16,2758.924,2820.181,-0.016109
1,2010/12/1,3,2810.543,2834.199,2795.811,2823.449,0.001159
1,2010/12/2,4,2860.464,2870.806,2841.473,2843.607,0.007139
1,2010/12/3,5,2846.725,2853.401,2822.743,2842.431,-0.000414
1,2010/12/6,1,2850.382,2871.407,2831.697,2857.178,0.005188
1,2010/12/7,2,2843.767,2884.53,2809.11,2875.861,0.006539
1,2010/12/8,3,2868.733,2880.558,2843.94,2848.546,-0.009498
1,2010/12/9,4,2837.615,2854.7,2808.506,2810.949,-0.013199
1,2010/12/10,5,2798.736,2850.422,2792.522,2841.04,0.010705
1,2010/12/13,1,2850.325,2923.774,2847.658,2922.954,0.028832
1,2010/12/14,2,2928.3,2933.407,2912.42,2927.077,0.001411
1,2010/12/15,3,2927.264,2939.05,2905.649,2911.414,-0.005351
1,2010/12/16,4,2908.865,2921.275,2891.858,2898.138,-0.00456
1,2010/12/17,5,2896.77,2898.812,2881.004,2893.74,-0.001518
1,2010/12/20,1,2901.47,2911.561,2804.556,2852.916,-0.014108
1,2010/12/21,2,2857.589,2908.166,2846.633,2904.115,0.017946
1,2010/12/22,3,2910.731,2917.199,2867.049,2877.9,-0.009027
1,2010/12/23,4,2874.202,2893.711,2849.836,2855.22,-0.007881
1,2010/12/24,5,2841.346,2853.486,2813.496,2835.157,-0.007027
1,2010/12/27,1,2842.807,2876.811,2774.538,2781.402,-0.01896
1,2010/12/28,2,2768.031,2775.149,2730.407,2732.99,-0.017406
1,2010/12/29,3,2735.476,2753.025,2721.479,2751.527,0.006783
1,2010/12/30,4,2751.973,2768.126,2724.541,2759.575,0.002925
1,2010/12/31,5,2759.162,2808.926,2758.131,2808.077,0.017576
1,2011/1/4,2,2825.329,2855.396,2810.108,2852.648,0.015872
1,2011/1/5,3,2833.117,2850.493,2824.296,2838.593,-0.004927
1,2011/1/6,4,2838.435,2853.875,2816.951,2824.197,-0.005072
1,2011/1/7,5,2820.665,2868.005,2807.87,2838.801,0.005171
1,2011/1/10,1,2832.622,2847.358,2786.861,2791.809,-0.016553
1,2011/1/11,2,2783.476,2810.762,2770.338,2804.047,0.004384
1,2011/1/12,3,2811.785,2828.468,2788.13,2821.305,0.006155
1,2011/1/13,4,2830.534,2837.526,2810.874,2827.713,0.002271
1,2011/1/14,5,2817.048,2817.048,2780.438,2791.344,-0.012862
1,2011/1/17,1,2772.45,2780.942,2698.781,2706.66,-0.030338
1,2011/1/18,2,2696.147,2715.406,2683.367,2708.979,0.000857
1,2011/1/19,3,2707.816,2759.602,2700.811,2758.097,0.018132
1,2011/1/20,4,2752.799,2752.799,2676.129,2677.652,-0.029167
1,2011/1/21,5,2668.677,2746.178,2667.286,2715.294,0.014058
1,2011/1/24,1,2716.524,2736.109,2690.652,2695.72,-0.007209
1,2011/1/25,2,2691.693,2701.044,2661.448,2677.432,-0.006784
1,2011/1/26,3,2677.172,2710.738,2676.769,2708.814,0.011721
1,2011/1/27,4,2690.825,2753.001,2677.21,2749.15,0.014891
1,2011/1/28,5,2741.314,2759.44,2733.291,2752.75,0.001309
1,2011/1/31,1,2751.527,2790.921,2748.538,2790.694,0.013784
1,2011/2/1,2,2795.071,2805.049,2785.296,2798.96,0.002962
1,2011/2/9,3,2778.701,2804.208,2764.867,2774.065,-0.008894
1,2011/2/10,4,2769.646,2819.063,2760.175,2818.163,0.015897
1,2011/2/11,5,2815.119,2835.411,2807.605,2827.328,0.003252
1,2011/2/14,1,2828.571,2906.261,2828.571,2899.134,0.025397
1,2011/2/15,2,2900.427,2934.467,2892.637,2899.237,0.000036
1,2011/2/16,3,2893.682,2924.188,2882.549,2923.896,0.008505
1,2011/2/17,4,2929.255,2939.284,2905.032,2926.964,0.001049
1,2011/2/18,5,2924.23,2924.23,2890.262,2899.792,-0.009283
1,2011/2/21,1,2886.54,2932.82,2884.191,2932.246,0.011192
1,2011/2/22,2,2941.318,2944.413,2851.62,2855.516,-0.026168
1,2011/2/23,3,2844.99,2868.484,2839.195,2862.634,0.002493
1,2011/2/24,4,2861.393,2881.537,2854.564,2878.603,0.005578
1,2011/2/25,5,2876.777,2890.324,2848.65,2878.565,-0.000013
1,2011/2/28,1,2880.17,2906.169,2861.817,2905.053,0.009202
1,2011/3/1,2,2906.285,2931.58,2901.552,2918.92,0.004773
1,2011/3/2,3,2905.514,2924.963,2883.566,2913.808,-0.001751
1,2011/3/3,4,2918.731,2937.557,2900.761,2902.978,-0.003717
1,2011/3/4,5,2902.19,2944.459,2898.084,2942.306,0.013547
1,2011/3/7,1,2952.722,3000.429,2952.722,2996.211,0.018321
1,2011/3/8,2,2996.727,3001.624,2976.6,2999.942,0.001245
1,2011/3/9,3,3002.546,3012.044,2989.342,3002.154,0.000737
1,2011/3/10,4,2995.768,2995.768,2954.367,2957.143,-0.014993
1,2011/3/11,5,2942.419,2966.98,2927.683,2933.796,-0.007895
1,2011/3/14,1,2923.982,2939.652,2914.458,2937.627,0.001306
1,2011/3/15,2,2927.984,2927.984,2850.945,2896.256,-0.014083
1,2011/3/16,3,2894.252,2934.018,2894.252,2930.804,0.011929
1,2011/3/17,4,2906.955,2935.625,2885.651,2897.298,-0.011432
1,2011/3/18,5,2920.806,2930.606,2900.872,2906.886,0.003309
1,2011/3/21,1,2913.913,2927.073,2895.154,2909.137,0.000774
1,2011/3/22,2,2917.687,2923.392,2884.751,2919.142,0.003439
1,2011/3/23,3,2919.016,2950.422,2911.626,2948.477,0.010049
1,2011/3/24,4,2949.85,2958.663,2942.134,2946.706,-0.000601
1,2011/3/25,5,2948.543,2985.083,2946.697,2977.814,0.010557
1,2011/3/28,1,2985.356,3005.783,2979.196,2984.005,0.002079
1,2011/3/29,2,2979.865,2994.174,2953.54,2958.077,-0.008689
1,2011/3/30,3,2955.453,2968.182,2935.747,2955.771,-0.00078
1,2011/3/31,4,2954.653,2961.63,2914.384,2928.111,-0.009358
1,2011/4/1,5,2932.481,2967.847,2924.394,2967.41,0.013421
1,2011/4/6,3,2964.212,3005.238,2963.899,3001.36,0.011441
1,2011/4/7,4,3003.204,3012.288,2990.311,3007.909,0.002182
1,2011/4/8,5,3005.368,3031.097,2998.34,3030.021,0.007351
1,2011/4/11,1,3037.91,3059.568,3019.886,3022.746,-0.002401
1,2011/4/12,2,3012.795,3039.124,3003.445,3021.369,-0.000456
1,2011/4/13,3,3006.83,3050.401,2994.465,3050.398,0.009608
1,2011/4/14,4,3049.667,3058.239,3036.726,3042.635,-0.002545
1,2011/4/15,5,3036.345,3062.53,3020.156,3050.526,0.002593
1,2011/4/18,1,3040.531,3067.456,3037.189,3057.329,0.00223
1,2011/4/19,2,3038.807,3038.807,2996.222,2999.041,-0.019065
1,2011/4/20,3,3005.975,3019.123,2992.672,3007.037,0.002666
1,2011/4/21,4,3021.77,3035.471,3012.544,3026.668,0.006528
1,2011/4/22,5,3025.699,3032.965,3004.465,3010.517,-0.005336
1,2011/4/25,1,3003.031,3003.61,2964.643,2964.951,-0.015136
1,2011/4/26,2,2956.949,2970.278,2931.502,2938.981,-0.008759
1,2011/4/27,3,2946.327,2961.133,2907.662,2925.408,-0.004618
1,2011/4/28,4,2937.947,2953.193,2884.839,2887.044,-0.013114
1,2011/4/29,5,2886.629,2913.556,2871.01,2911.511,0.008475
1,2011/5/3,2,2911.51,2933.46,2890.225,2932.188,0.007102
1,2011/5/4,3,2916.845,2916.97,2860.075,2866.017,-0.022567
1,2011/5/5,4,2854.768,2880.125,2849.91,2872.404,0.002229
1,2011/5/6,5,2842.765,2881.706,2834.456,2863.886,-0.002965
1,2011/5/9,1,2868.235,2885.178,2861.42,2872.46,0.002994
1,2011/5/10,2,2876.98,2891.034,2865.104,2890.634,0.006327
1,2011/5/11,3,2890.353,2897.141,2868.349,2883.42,-0.002496
1,2011/5/12,4,2864.976,2876.448,2843.097,2844.083,-0.013642
1,2011/5/13,5,2846.311,2871.992,2832.254,2871.031,0.009475
1,2011/5/16,1,2864.377,2877.091,2846.307,2849.067,-0.00765
1,2011/5/17,2,2846.447,2869.23,2821.203,2852.773,0.001301
1,2011/5/18,3,2846.725,2877.427,2843.676,2872.771,0.00701
1,2011/5/19,4,2879.387,2884.141,2856.829,2859.574,-0.004594
1,2011/5/20,5,2858.311,2866.763,2850.445,2858.459,-0.00039
1,2011/5/23,1,2853.286,2853.286,2771.117,2774.569,-0.029348
1,2011/5/24,2,2766.059,2771.748,2744.777,2767.056,-0.002708
1,2011/5/25,3,2764.56,2771.177,2737.33,2741.741,-0.009149
1,2011/5/26,4,2755.394,2764.89,2734.536,2736.527,-0.001902
1,2011/5/27,5,2739.387,2746.842,2708.548,2709.947,-0.009713
1,2011/5/30,1,2704.485,2728.062,2689.206,2706.361,-0.001323
1,2011/5/31,2,2707.559,2744.934,2702.095,2743.472,0.013713
1,2011/6/1,3,2737.057,2744.559,2726.495,2743.572,0.000036
1,2011/6/2,4,2715.316,2727.995,2676.538,2705.181,-0.013993
1,2011/6/3,5,2701.773,2732.427,2701.25,2728.02,0.008443
1,2011/6/7,2,2720.97,2745.77,2717.313,2744.3,0.005968
1,2011/6/8,3,2742.043,2754.122,2715.25,2750.288,0.002182
1,2011/6/9,4,2743.539,2747.332,2702.695,2703.345,-0.017068
1,2011/6/10,5,2696.13,2707.742,2672.32,2705.143,0.000665
1,2011/6/13,1,2687.653,2703.423,2669.395,2700.379,-0.001761
1,2011/6/14,2,2696.223,2735.553,2691.671,2730.04,0.010984
1,2011/6/15,3,2717.677,2730.476,2705.072,2705.431,-0.009014
1,2011/6/16,4,2685.632,2691.944,2663.12,2664.283,-0.015209
1,2011/6/17,5,2661.414,2675.027,2641.392,2642.818,-0.008057
1,2011/6/20,1,2635.834,2637.883,2610.99,2621.253,-0.00816
1,2011/6/21,2,2628.022,2648.024,2618.807,2646.483,0.009625
1,2011/6/22,3,2648.534,2657.725,2633.474,2649.321,0.001072
1,2011/6/23,4,2640.66,2693.417,2630.336,2688.249,0.014694
1,2011/6/24,5,2678.052,2759.71,2674.303,2746.211,0.021561
1,2011/6/27,1,2746.787,2769.043,2743.496,2758.23,0.004377
1,2011/6/28,2,2759.713,2763.28,2736.398,2759.202,0.000352
1,2011/6/29,3,2757.4,2759.231,2727.253,2728.483,-0.011133
1,2011/6/30,4,2729.992,2774.365,2729.992,2762.076,0.012312
1,2011/7/1,5,2767.834,2778.668,2752.966,2759.362,-0.000983
1,2011/7/4,1,2770.94,2813.27,2770.94,2812.818,0.019373
1,2011/7/5,2,2812.722,2818.141,2799.11,2816.355,0.001257
1,2011/7/6,3,2811.815,2811.815,2780.728,2810.479,-0.002086
1,2011/7/7,4,2813.193,2825.123,2793.892,2794.267,-0.005768
1,2011/7/8,5,2797.026,2807.38,2784.126,2797.774,0.001255
1,2011/7/11,1,2789.454,2807.322,2780.665,2802.692,0.001758
1,2011/7/12,2,2783.722,2783.722,2752.186,2754.582,-0.017166
1,2011/7/13,3,2756.032,2797.266,2756.032,2795.476,0.014846
1,2011/7/14,4,2798.212,2811.704,2788.983,2810.444,0.005354
1,2011/7/15,5,2803.585,2821.339,2794.159,2820.169,0.00346
1,2011/7/18,1,2821.358,2826.959,2807.108,2816.688,-0.001234
1,2011/7/19,2,2804.923,2809.315,2790.685,2796.983,-0.006996
1,2011/7/20,3,2810.436,2817.285,2779.381,2794.205,-0.000993
1,2011/7/21,4,2795.896,2799.852,2763.418,2765.894,-0.010132
1,2011/7/22,5,2769.863,2782.169,2763.8,2770.79,0.00177
1,2011/7/25,1,2759.628,2759.628,2680.747,2688.746,-0.02961
1,2011/7/26,2,2685.754,2704.939,2677.119,2703.026,0.005311
1,2011/7/27,3,2690.144,2726.801,2680.433,2723.492,0.007572
1,2011/7/28,4,2701.771,2712.09,2684.661,2708.777,-0.005403
1,2011/7/29,5,2706.497,2721.53,2681.272,2701.729,-0.002602
1,2011/8/1,1,2697.575,2712.888,2688.529,2703.783,0.00076
1,2011/8/2,2,2689.971,2689.971,2651.28,2679.259,-0.00907
1,2011/8/3,3,2659.118,2688.065,2654.364,2678.485,-0.000289
1,2011/8/4,4,2683.192,2698.815,2675.534,2684.039,0.002074
1,2011/8/5,5,2620.277,2644.581,2605.137,2626.423,-0.021466
1,2011/8/8,1,2599.289,2614.19,2497.918,2526.816,-0.037925
1,2011/8/9,2,2468.032,2537.409,2437.681,2526.07,-0.000295
1,2011/8/10,3,2562.393,2579.156,2544.952,2549.176,0.009147
1,2011/8/11,4,2508.857,2582.155,2505.012,2581.508,0.012683
1,2011/8/12,5,2593.395,2605.447,2585.846,2593.173,0.004519
1,2011/8/15,1,2598.138,2627.104,2584.407,2626.77,0.012956
1,2011/8/16,2,2627.854,2636.36,2601.501,2608.166,-0.007082
1,2011/8/17,3,2603.961,2617.165,2596.039,2601.261,-0.002647
1,2011/8/18,4,2601.99,2603.485,2556.859,2559.472,-0.016065
1,2011/8/19,5,2519.645,2538.272,2513.754,2534.358,-0.009812
1,2011/8/22,1,2534.57,2553.415,2507.782,2515.863,-0.007298
1,2011/8/23,2,2524.877,2554.178,2514.949,2554.019,0.015166
1,2011/8/24,3,2562.411,2569.278,2536.256,2541.091,-0.005062
1,2011/8/25,4,2546.402,2616.304,2545.054,2615.261,0.029188
1,2011/8/26,5,2602.208,2616.636,2593.238,2612.188,-0.001175
1,2011/8/29,1,2595.466,2595.466,2570.844,2576.413,-0.013695
1,2011/8/30,2,2592.597,2615.135,2563.689,2566.595,-0.003811
1,2011/8/31,3,2566.529,2574.415,2545.096,2567.34,0.00029
1,2011/9/1,4,2569.799,2584.804,2547.855,2556.042,-0.004401
1,2011/9/2,5,2551.556,2557.31,2517.618,2528.28,-0.010861
1,2011/9/5,1,2510.1,2510.1,2478.195,2478.739,-0.019595
1,2011/9/6,2,2465.565,2482.242,2459.543,2470.524,-0.003314
1,2011/9/7,3,2480.941,2516.754,2475.218,2516.09,0.018444
1,2011/9/8,4,2523.962,2524.377,2498.113,2498.943,-0.006815
1,2011/9/9,5,2506.969,2528.422,2487.145,2497.753,-0.000476
1,2011/9/13,2,2467.73,2477.083,2453.796,2471.305,-0.010589
1,2011/9/14,3,2478.586,2485.934,2439.372,2484.827,0.005472
1,2011/9/15,4,2482.859,2496.572,2477.651,2479.055,-0.002323
1,2011/9/16,5,2490.177,2499.481,2475.758,2482.343,0.001326
1,2011/9/19,1,2469.6,2469.6,2437.165,2437.795,-0.017946
1,2011/9/20,2,2433.721,2460.034,2426.703,2447.755,0.004086
1,2011/9/21,3,2450.116,2517.673,2438.852,2512.963,0.02664
1,2011/9/22,4,2491.212,2499.976,2442.462,2443.057,-0.027818
1,2011/9/23,5,2411.833,2440.751,2400.141,2433.159,-0.004051
1,2011/9/26,1,2416.226,2441.729,2384.64,2393.183,-0.01643
1,2011/9/27,2,2410.991,2423.913,2395.164,2415.054,0.009139
1,2011/9/28,3,2427.289,2430.27,2383.396,2392.062,-0.00952
1,2011/9/29,4,2378.423,2387.538,2358.572,2365.343,-0.01117
1,2011/9/30,5,2368.398,2377.541,2348.217,2359.22,-0.002589
1,2011/10/10,1,2363.078,2368.149,2338.685,2344.787,-0.006118
1,2011/10/11,2,2401.738,2412.376,2323.412,2348.516,0.00159
1,2011/10/12,3,2335.488,2421.693,2318.628,2420,0.030438
1,2011/10/13,4,2412.832,2439.64,2406.282,2438.79,0.007764
1,2011/10/14,5,2429.885,2437.594,2409.288,2431.375,-0.00304
1,2011/10/17,1,2434.486,2452.99,2424.726,2440.402,0.003713
1,2011/10/18,2,2423.282,2425.646,2378.667,2383.485,-0.023323
1,2011/10/19,3,2387.831,2401.688,2374.417,2377.512,-0.002506
1,2011/10/20,4,2365.909,2368.64,2315.9,2331.366,-0.019409
1,2011/10/21,5,2330.512,2340.315,2313.782,2317.275,-0.006044
1,2011/10/24,1,2322.02,2371.092,2307.146,2370.333,0.022897
1,2011/10/25,2,2366.398,2414.049,2357.387,2409.672,0.016596
1,2011/10/26,3,2398.187,2448.981,2394.733,2427.48,0.00739
1,2011/10/27,4,2432.473,2449.701,2426.315,2435.614,0.003351
1,2011/10/28,5,2462.085,2483.759,2456.177,2473.41,0.015518
1,2011/10/31,1,2470.254,2478.307,2455.205,2468.25,-0.002086
1,2011/11/1,2,2450.331,2491.355,2445.527,2470.019,0.000717
1,2011/11/2,3,2437.87,2505.121,2433.715,2504.108,0.013801
1,2011/11/3,4,2510.842,2535.24,2507.297,2508.09,0.00159
1,2011/11/4,5,2525.244,2536.779,2512.904,2528.294,0.008056
1,2011/11/7,1,2518.898,2536.18,2507.615,2509.799,-0.007315
1,2011/11/8,2,2514.259,2524.82,2500.02,2503.836,-0.002376
1,2011/11/9,3,2512.587,2527.703,2489.025,2524.919,0.00842
1,2011/11/10,4,2498.594,2507.452,2478.139,2479.536,-0.017974
1,2011/11/11,5,2483.957,2496.527,2472.761,2481.084,0.000624
1,2011/11/14,1,2498.672,2529.632,2496.335,2528.714,0.019197
1,2011/11/15,2,2525.948,2534.059,2518.703,2529.761,0.000414
1,2011/11/16,3,2529.073,2529.458,2456.856,2466.959,-0.024825
1,2011/11/17,4,2467.704,2482.528,2459.165,2463.046,-0.001586
1,2011/11/18,5,2448.387,2448.51,2411.042,2416.562,-0.018873
1,2011/11/21,1,2416.732,2419.244,2396.087,2415.13,-0.000593
1,2011/11/22,2,2400.984,2414.85,2387.826,2412.625,-0.001037
1,2011/11/23,3,2415.197,2418.56,2390.654,2395.065,-0.007278
1,2011/11/24,4,2379.146,2409.719,2370.695,2397.554,0.001039
1,2011/11/25,5,2393.327,2403.942,2372.622,2380.224,-0.007228
1,2011/11/28,1,2383.893,2396.827,2372.156,2383.034,0.001181
1,2011/11/29,2,2398.994,2413.326,2388.202,2412.393,0.01232
1,2011/11/30,3,2406.329,2407.326,2319.44,2333.414,-0.032739
1,2011/12/1,4,2392.485,2423.559,2376.916,2386.86,0.022905
1,2011/12/2,5,2374.899,2378.299,2344.846,2360.664,-0.010975
1,2011/12/5,1,2363.111,2363.127,2327.61,2333.229,-0.011622
1,2011/12/6,2,2326.66,2331.892,2310.155,2325.905,-0.003139
1,2011/12/7,3,2325.562,2339.847,2317.814,2332.73,0.002934
1,2011/12/8,4,2329.911,2346.654,2302.642,2329.82,-0.001247
1,2011/12/9,5,2315.513,2331.259,2309.457,2315.27,-0.006245
1,2011/12/12,1,2312.151,2315.811,2290.264,2291.545,-0.010247
1,2011/12/13,2,2283.223,2285.814,2245.868,2248.59,-0.018745
1,2011/12/14,3,2241.387,2256.744,2224.725,2228.525,-0.008923
1,2011/12/15,4,2215.792,2216.909,2179.467,2180.895,-0.021373
1,2011/12/16,5,2179.509,2225.538,2170.748,2224.84,0.02015
1,2011/12/19,1,2208.071,2221.448,2164.887,2218.235,-0.002969
1,2011/12/20,2,2209.699,2239.859,2206.519,2215.93,-0.001039
1,2011/12/21,3,2230.18,2237.466,2188.71,2191.148,-0.011184
1,2011/12/22,4,2178.572,2201.587,2149.423,2186.297,-0.002214
1,2011/12/23,5,2183.911,2219.786,2178.141,2204.784,0.008456
1,2011/12/26,1,2193.659,2213.453,2186.07,2190.11,-0.006656
1,2011/12/27,2,2186.709,2196.973,2162.723,2166.205,-0.010915
1,2011/12/28,3,2157.65,2170.672,2134.017,2170.013,0.001758
1,2011/12/29,4,2161.184,2181.955,2157.115,2173.561,0.001635
1,2011/12/30,5,2177.517,2200.988,2177.517,2199.417,0.011896
1,2012/1/4,3,2211.995,2217.52,2168.644,2169.39,-0.013652
1,2012/1/5,4,2160.898,2183.404,2145.556,2148.452,-0.009652
1,2012/1/6,5,2148.147,2164.322,2132.626,2163.395,0.006955
1,2012/1/9,1,2164.741,2226.218,2148.453,2225.89,0.028887
1,2012/1/10,2,2221.832,2288.628,2218.275,2285.744,0.02689
1,2012/1/11,3,2282.913,2290.644,2265.185,2276.046,-0.004243
1,2012/1/12,4,2268.739,2295.224,2265.256,2275.01,-0.000455
1,2012/1/13,5,2277.08,2281.532,2225.736,2244.58,-0.013376
1,2012/1/16,1,2230.433,2241.259,2206.045,2206.193,-0.017102
1,2012/1/17,2,2206.531,2298.376,2196.117,2298.376,0.041784
1,2012/1/18,3,2298.834,2311.579,2257.898,2266.384,-0.013919
1,2012/1/19,4,2266.076,2305.707,2259.337,2296.075,0.013101
1,2012/1/20,5,2300.5,2322.891,2293.893,2319.118,0.010036
1,2012/1/30,1,2324.493,2324.493,2284.291,2285.038,-0.014695
1,2012/1/31,2,2285.954,2296.384,2277.056,2292.61,0.003314
1,2012/2/1,3,2288.066,2305.863,2263.342,2268.08,-0.0107
1,2012/2/2,4,2273.85,2312.556,2268.687,2312.556,0.01961
1,2012/2/3,5,2306.656,2336.267,2300.982,2330.405,0.007718
1,2012/2/6,1,2334.248,2341.575,2317.422,2331.136,0.000314
1,2012/2/7,2,2319.421,2319.708,2278.825,2291.902,-0.01683
1,2012/2/8,3,2291.812,2350.965,2286.819,2347.53,0.024272
1,2012/2/9,4,2344.224,2363.613,2333.935,2349.589,0.000877
1,2012/2/10,5,2342.011,2368.979,2339.885,2351.981,0.001018
1,2012/2/13,1,2332.055,2365.339,2325.028,2351.855,-0.000054
1,2012/2/14,2,2348.877,2352.469,2332.247,2344.771,-0.003012
1,2012/2/15,3,2340.455,2374.282,2335.101,2366.702,0.009353
1,2012/2/16,4,2363.897,2373.804,2342.073,2356.86,-0.004159
1,2012/2/17,5,2366.63,2372.512,2344.76,2357.181,0.000136
1,2012/2/20,1,2383.686,2388.009,2362.012,2363.597,0.002722
1,2012/2/21,2,2365.487,2382.146,2345.053,2381.43,0.007545
1,2012/2/22,3,2380.504,2404.442,2374.03,2403.587,0.009304
1,2012/2/23,4,2401.738,2416.805,2396.71,2409.554,0.002483
1,2012/2/24,5,2410.881,2439.977,2405.274,2439.628,0.012481
1,2012/2/27,1,2447.406,2478.375,2444.629,2447.057,0.003045
1,2012/2/28,2,2440.914,2458.651,2431.828,2451.857,0.001962
1,2012/2/29,3,2446.228,2453.067,2426.329,2428.487,-0.009532
1,2012/3/1,4,2418.788,2437.874,2418.334,2426.115,-0.000977
1,2012/3/2,5,2430.098,2461.121,2430.098,2460.693,0.014252
1,2012/3/5,1,2464.849,2469.841,2442.115,2445.002,-0.006377
1,2012/3/6,2,2439.779,2442.001,2406.056,2410.445,-0.014134
1,2012/3/7,3,2391.203,2413.695,2388.519,2394.794,-0.006493
1,2012/3/8,4,2401.102,2426.698,2401.102,2420.276,0.010641
1,2012/3/9,5,2425.885,2440.511,2414.966,2439.462,0.007927
1,2012/3/12,1,2438.546,2440.857,2420.84,2434.859,-0.001887
1,2012/3/13,2,2432.843,2457.22,2428.609,2455.795,0.008598
1,2012/3/14,3,2464.915,2476.216,2382.836,2391.23,-0.026291
1,2012/3/15,4,2388.063,2403.742,2366.024,2373.774,-0.0073
1,2012/3/16,5,2377.757,2406.148,2368.311,2404.736,0.013043
1,2012/3/19,1,2401.217,2412.336,2383.674,2410.184,0.002266
1,2012/3/20,2,2407.542,2407.542,2376.031,2376.839,-0.013835
1,2012/3/21,3,2384.709,2396.722,2361.222,2378.195,0.000571
1,2012/3/22,4,2376.991,2386.099,2364.13,2375.772,-0.001019
1,2012/3/23,5,2369.077,2371.263,2342.12,2349.539,-0.011042
1,2012/3/26,1,2349.086,2357.996,2339.141,2350.599,0.000451
1,2012/3/27,2,2358.545,2363.766,2344.304,2347.179,-0.001455
1,2012/3/28,3,2341.003,2341.42,2281.433,2284.881,-0.026542
1,2012/3/29,4,2276.74,2280.958,2242.345,2252.16,-0.014321
1,2012/3/30,5,2256.042,2266.208,2246.245,2262.788,0.004719
1,2012/4/5,4,2258.031,2303.824,2251.393,2302.241,0.017436
1,2012/4/6,5,2299.055,2309.64,2291.559,2306.553,0.001873
1,2012/4/9,1,2300.051,2304.65,2284.442,2285.777,-0.009007
1,2012/4/10,2,2281.024,2306.387,2258.853,2305.863,0.008787
1,2012/4/11,3,2286.716,2319.053,2280.035,2308.925,0.001328
1,2012/4/12,4,2310.484,2351.055,2307.841,2350.864,0.018164
1,2012/4/13,5,2351.513,2369.701,2346.944,2359.161,0.003529
1,2012/4/16,1,2346.307,2364.111,2342.199,2357.026,-0.000905
1,2012/4/17,2,2355.369,2363.013,2333.341,2334.985,-0.009351
1,2012/4/18,3,2341.135,2383.64,2337.857,2380.848,0.019642
1,2012/4/19,4,2378.632,2386.978,2369.459,2378.634,-0.00093
1,2012/4/20,5,2374.662,2407.294,2372.13,2406.863,0.011868
1,2012/4/23,1,2403.521,2411.51,2383.068,2388.588,-0.007593
1,2012/4/24,2,2380.236,2415.749,2350.399,2388.834,0.000103
1,2012/4/25,3,2382.211,2411.421,2376.626,2406.813,0.007526
1,2012/4/26,4,2408.558,2414.754,2393.265,2404.697,-0.000879
1,2012/4/27,5,2402.431,2408.42,2393.867,2396.316,-0.003485
1,2012/5/2,3,2421.082,2446.35,2407.788,2438.436,0.017577
1,2012/5/3,4,2433.589,2441.953,2427.728,2440.08,0.000674
1,2012/5/4,5,2437.465,2453.731,2427.969,2452.014,0.004891
1,2012/5/7,1,2441.757,2451.947,2432.736,2451.947,-0.000027
1,2012/5/8,2,2451.575,2451.598,2431.025,2448.884,-0.001249
1,2012/5/9,3,2432.472,2432.472,2407.509,2408.587,-0.016455
1,2012/5/10,4,2409.945,2419.121,2402.204,2410.23,0.000682
1,2012/5/11,5,2406.074,2415.977,2393.378,2394.983,-0.006326
1,2012/5/14,1,2408.262,2411.272,2377.983,2380.725,-0.005953
1,2012/5/15,2,2367.083,2376.594,2354.614,2374.843,-0.002471
1,2012/5/16,3,2369.295,2372.032,2344.5,2346.192,-0.012064
1,2012/5/17,4,2347.177,2383.306,2342.352,2378.886,0.013935
1,2012/5/18,5,2364.899,2369.598,2338.241,2344.52,-0.014446
1,2012/5/21,1,2343.576,2360.386,2330.325,2348.3,0.001612
1,2012/5/22,2,2355.732,2374.056,2354.868,2373.307,0.010649
1,2012/5/23,3,2369.265,2378.077,2350.548,2363.437,-0.004159
1,2012/5/24,4,2359.682,2373.057,2344.58,2350.973,-0.005274
1,2012/5/25,5,2350.541,2355.808,2327.408,2333.553,-0.00741
1,2012/5/28,1,2325.317,2361.744,2309.072,2361.367,0.011919
1,2012/5/29,2,2361.003,2393.279,2358.374,2389.636,0.011971
1,2012/5/30,3,2385.392,2391.691,2378.133,2384.668,-0.002079
1,2012/5/31,4,2370.007,2382.989,2362.314,2372.234,-0.005214
1,2012/6/1,5,2373.224,2388.087,2365.442,2373.436,0.000507
1,2012/6/4,1,2346.984,2348.199,2308.229,2308.55,-0.027338
1,2012/6/5,2,2313.741,2323.298,2304.046,2311.916,0.001458
1,2012/6/6,3,2315.561,2323.113,2301.035,2309.555,-0.001021
1,2012/6/7,4,2324.672,2328.672,2288.665,2293.13,-0.007112
1,2012/6/8,5,2306.219,2306.882,2276.714,2281.447,-0.005095
1,2012/6/11,1,2282.891,2311.772,2278.163,2305.856,0.010699
1,2012/6/12,2,2295.07,2298.95,2280.951,2289.791,-0.006967
1,2012/6/13,3,2289.707,2319.714,2284.65,2318.924,0.012723
1,2012/6/14,4,2306.781,2314.585,2293.065,2295.946,-0.009909
1,2012/6/15,5,2299.781,2314.242,2283.4,2306.85,0.004749
1,2012/6/18,1,2313.53,2325.052,2309.709,2316.052,0.003989
1,2012/6/19,2,2313.455,2313.455,2298.394,2300.795,-0.006588
1,2012/6/20,3,2300.406,2304.458,2291.541,2292.877,-0.003441
1,2012/6/21,4,2288.454,2288.454,2253.789,2260.877,-0.013956
1,2012/6/25,1,2253.514,2253.514,2223.054,2224.114,-0.016261
1,2012/6/26,2,2214.649,2229.24,2203.944,2222.067,-0.00092
1,2012/6/27,3,2219.944,2233.543,2213.323,2216.934,-0.00231
1,2012/6/28,4,2220.236,2224.155,2195.356,2195.843,-0.009514
1,2012/6/29,5,2190.576,2226.485,2188.716,2225.431,0.013475
1,2012/7/2,1,2234.32,2234.873,2215.358,2226.11,0.000305
1,2012/7/3,2,2225.568,2244.832,2219.05,2229.193,0.001385
1,2012/7/4,3,2233.335,2239.27,2219.448,2227.315,-0.000842
1,2012/7/5,4,2218.216,2218.216,2192.648,2201.353,-0.011656
1,2012/7/6,5,2203.73,2227.473,2185.522,2223.579,0.010097
1,2012/7/9,1,2210.714,2216.697,2168.608,2170.814,-0.02373
1,2012/7/10,2,2166.947,2178.195,2156.726,2164.437,-0.002938
1,2012/7/11,3,2160.02,2176.491,2156.596,2175.383,0.005057
1,2012/7/12,4,2172.064,2197.044,2152.675,2185.491,0.004647
1,2012/7/13,5,2180.172,2198.661,2177.924,2185.895,0.000185
1,2012/7/16,1,2187.887,2188.063,2146.154,2147.955,-0.017357
1,2012/7/17,2,2142.43,2165.335,2141.481,2161.186,0.00616
1,2012/7/18,3,2159.857,2170.296,2138.792,2169.099,0.003661
1,2012/7/19,4,2164.274,2197.79,2159.943,2184.841,0.007257
1,2012/7/20,5,2180.012,2185.733,2162.064,2168.638,-0.007416
1,2012/7/23,1,2154.171,2154.171,2135.563,2141.402,-0.012559
1,2012/7/24,2,2132.317,2158.948,2131.013,2146.589,0.002422
1,2012/7/25,3,2141.036,2151.45,2132.833,2136.151,-0.004863
1,2012/7/26,4,2134.987,2147.664,2124.155,2126.004,-0.00475
1,2012/7/27,5,2132.009,2139.154,2120.63,2128.765,0.001299
1,2012/7/30,1,2128.159,2137.736,2107.634,2109.914,-0.008855
1,2012/7/31,2,2109.325,2116.904,2100.252,2103.634,-0.002976
1,2012/8/1,3,2101.723,2130.712,2101.708,2123.36,0.009377
1,2012/8/2,4,2120.146,2126.46,2103.495,2111.182,-0.005735
1,2012/8/3,5,2113.964,2133.266,2108.33,2132.796,0.010238
1,2012/8/6,1,2129.148,2158.681,2127.263,2154.916,0.010371
1,2012/8/7,2,2153.093,2159.683,2148.897,2157.62,0.001255
1,2012/8/8,3,2158.982,2168.734,2153.02,2160.99,0.001562
1,2012/8/9,4,2159.434,2175.545,2148.694,2174.102,0.006068
1,2012/8/10,5,2172.964,2176.795,2165.284,2168.814,-0.002432
1,2012/8/13,1,2164.043,2164.043,2134.554,2136.078,-0.015094
1,2012/8/14,2,2137.047,2144.006,2119.253,2142.525,0.003018
1,2012/8/15,3,2138.278,2139.142,2118.503,2118.945,-0.011006
1,2012/8/16,4,2116.08,2122.683,2109.658,2112.197,-0.003185
1,2012/8/17,5,2111.653,2120.714,2100.787,2114.891,0.001275
1,2012/8/20,1,2102.231,2110.78,2089.018,2106.957,-0.003751
1,2012/8/21,2,2106.381,2124.195,2103.071,2118.268,0.005368
1,2012/8/22,3,2118.881,2121.149,2097.605,2107.711,-0.004984
1,2012/8/23,4,2106.96,2118.736,2097.083,2113.072,0.002544
1,2012/8/24,5,2108.36,2109.822,2089.217,2092.104,-0.009923
1,2012/8/27,1,2085.373,2085.373,2055.377,2055.708,-0.017397
1,2012/8/28,2,2054.967,2083.956,2052.492,2073.154,0.008487
1,2012/8/29,3,2066.82,2073.949,2051.775,2053.235,-0.009608
1,2012/8/30,4,2044.033,2060.185,2032.537,2052.585,-0.000317
1,2012/8/31,5,2046.289,2059.302,2044.65,2047.522,-0.002467
1,2012/9/3,1,2044.825,2066.78,2041.161,2059.147,0.005678
1,2012/9/4,2,2060.613,2063.817,2039.266,2043.649,-0.007526
1,2012/9/5,3,2038.873,2048.319,2029.054,2037.681,-0.00292
1,2012/9/6,4,2040.668,2052.95,2036.366,2051.918,0.006987
1,2012/9/7,5,2062.99,2145.003,2062.99,2127.762,0.036962
1,2012/9/10,1,2128.065,2140.168,2120.486,2134.893,0.003351
1,2012/9/11,2,2127.519,2127.519,2107.219,2120.554,-0.006716
1,2012/9/12,3,2129.687,2137.89,2109.137,2126.554,0.002829
1,2012/9/13,4,2123.84,2130.079,2109.996,2110.379,-0.007606
1,2012/9/14,5,2127.389,2136.226,2111.12,2123.847,0.006382
1,2012/9/17,1,2120.617,2121.583,2077.484,2078.5,-0.021351
1,2012/9/18,2,2069.343,2074.762,2053.662,2059.543,-0.009121
1,2012/9/19,3,2061.061,2069.95,2055.198,2067.831,0.004024
1,2012/9/20,4,2060.306,2060.306,2023.085,2024.837,-0.020792
1,2012/9/21,5,2020.554,2041.948,2018.263,2026.69,0.000915
1,2012/9/24,1,2015.767,2040.85,2005.263,2033.192,0.003208
1,2012/9/25,2,2028.633,2039.096,2021.809,2029.293,-0.001918
1,2012/9/26,3,2027.855,2033.036,1999.484,2004.172,-0.012379
1,2012/9/27,4,2003.099,2068.071,2002.324,2056.323,0.026021
1,2012/9/28,5,2042.886,2089.633,2040.35,2086.169,0.014514
1,2012/10/8,1,2084.849,2096.259,2063.089,2074.419,-0.005632
1,2012/10/9,2,2081.589,2119.336,2081.589,2115.23,0.019673
1,2012/10/10,3,2111.587,2121.992,2102.535,2119.942,0.002228
1,2012/10/11,4,2114.232,2117.839,2101.14,2102.868,-0.008054
1,2012/10/12,5,2109.07,2127.307,2092.511,2104.932,0.000982
1,2012/10/15,1,2105.024,2107.199,2085.115,2098.703,-0.002959
1,2012/10/16,2,2097.05,2111.78,2089.695,2098.808,0.00005
1,2012/10/17,3,2104.28,2113.162,2088.044,2105.618,0.003245
1,2012/10/18,4,2108.498,2137.686,2107.492,2131.688,0.012381
1,2012/10/19,5,2129.82,2136.869,2125.736,2128.302,-0.001588
1,2012/10/22,1,2118.521,2138.027,2112.752,2132.758,0.002094
1,2012/10/23,2,2132.108,2136.218,2111.923,2114.447,-0.008586
1,2012/10/24,3,2106.83,2123.998,2104.67,2115.99,0.00073
1,2012/10/25,4,2114.764,2128.74,2100.609,2101.58,-0.00681
1,2012/10/26,5,2100.1,2102.162,2058.063,2066.209,-0.016831
1,2012/10/29,1,2061.847,2068.237,2053.092,2058.943,-0.003517
1,2012/10/30,2,2059.202,2075.905,2054.264,2062.347,0.001653
1,2012/10/31,3,2061.124,2070.479,2053.583,2068.88,0.003168
1,2012/11/1,4,2070.02,2109.496,2069.947,2104.428,0.017182
1,2012/11/2,5,2105.449,2119.224,2096.531,2117.046,0.005996
1,2012/11/5,1,2113.328,2123.327,2104.584,2114.027,-0.001426
1,2012/11/6,2,2113.658,2114.791,2078.472,2105.999,-0.003797
1,2012/11/7,3,2102.419,2112.631,2093.289,2105.73,-0.000128
1,2012/11/8,4,2091.254,2092.565,2070.65,2071.509,-0.016251
1,2012/11/9,5,2066.495,2077.228,2062.417,2069.067,-0.001179
1,2012/11/12,1,2069.214,2079.571,2061.84,2079.274,0.004933
1,2012/11/13,2,2078.133,2078.133,2044.036,2047.889,-0.015094
1,2012/11/14,3,2047.257,2056.488,2040.172,2055.419,0.003677
1,2012/11/15,4,2045.456,2053.56,2029.874,2030.29,-0.012226
1,2012/11/16,5,2026.563,2028.686,2001.716,2014.725,-0.007666
1,2012/11/19,1,2013.246,2018.38,1995.721,2016.982,0.00112
1,2012/11/20,2,2020.433,2023.611,2004.17,2008.923,-0.003996
1,2012/11/21,3,2008.211,2031.149,1995.174,2030.319,0.01065
1,2012/11/22,4,2021.209,2023.085,2009.72,2015.611,-0.007244
1,2012/11/23,5,2020.015,2034.884,2017.004,2027.384,0.005841
1,2012/11/26,1,2023.339,2027.274,2014.029,2017.464,-0.004893
1,2012/11/27,2,2012.075,2014.211,1990.336,1991.165,-0.013036
1,2012/11/28,3,1984.48,1984.863,1968.213,1973.523,-0.00886
1,2012/11/29,4,1972.925,1980.556,1961.822,1963.488,-0.005085
1,2012/11/30,5,1961.815,1983.419,1959.334,1980.117,0.008469
1,2012/12/3,1,1977.254,1988.191,1957.884,1959.767,-0.010277
1,2012/12/4,2,1956.616,1980.119,1949.457,1975.143,0.007846
1,2012/12/5,3,1973.107,2040.604,1970.202,2031.907,0.028739
1,2012/12/6,4,2029.562,2036.609,2018.379,2029.237,-0.001314
1,2012/12/7,5,2028.766,2065.745,2023.961,2061.786,0.01604
1,2012/12/10,1,2067.324,2087.007,2064.615,2083.77,0.010663
1,2012/12/11,2,2077.557,2088.635,2070.192,2074.704,-0.004351
1,2012/12/12,3,2073.271,2085.934,2066.391,2082.726,0.003867
1,2012/12/13,4,2077.416,2081.363,2059.472,2061.476,-0.010203
1,2012/12/14,5,2062.689,2152.496,2062.543,2150.625,0.043245
1,2012/12/17,1,2152.097,2169.57,2151.936,2160.342,0.004518
1,2012/12/18,2,2155.858,2183.714,2144.733,2162.464,0.000982
1,2012/12/19,3,2158.67,2175.395,2154.287,2162.239,-0.000104
1,2012/12/20,4,2156.193,2174.819,2142.951,2168.353,0.002828
1,2012/12/21,5,2169.57,2190.398,2148.17,2153.31,-0.006938
1,2012/12/24,1,2150.654,2170.394,2149.825,2159.053,0.002667
1,2012/12/25,2,2154.32,2220.263,2146.862,2213.611,0.025269
1,2012/12/26,3,2211.594,2220.475,2206.787,2219.132,0.002494
1,2012/12/27,4,2223.655,2234.724,2204.79,2205.897,-0.005964
1,2012/12/28,5,2207.913,2234.869,2204.003,2233.252,0.012401
1,2012/12/31,1,2236.461,2269.512,2236.461,2269.128,0.016064
1,2013/1/4,5,2289.51,2296.113,2256.56,2276.992,0.003466
1,2013/1/7,1,2271.663,2293.317,2266.862,2285.364,0.003677
1,2013/1/8,2,2284.654,2289.139,2262.979,2276.07,-0.004067
1,2013/1/9,3,2271.299,2283.896,2259.051,2275.34,-0.000321
1,2013/1/10,4,2274.377,2295.484,2268.648,2283.658,0.003656
1,2013/1/11,5,2285.185,2290.205,2234.947,2242.997,-0.017805
1,2013/1/14,1,2236.288,2317.617,2235.107,2311.74,0.030648
1,2013/1/15,2,2312.468,2332.783,2309.323,2325.682,0.006031
1,2013/1/16,3,2322.158,2326.764,2279.507,2309.499,-0.006958
1,2013/1/17,4,2305.14,2305.602,2275.877,2284.909,-0.010647
1,2013/1/18,5,2295.809,2324.509,2285.972,2317.07,0.014075
1,2013/1/21,1,2321.49,2329.581,2305.099,2328.221,0.004813
1,2013/1/22,2,2326.49,2335.806,2301.301,2315.139,-0.005619
1,2013/1/23,3,2308.521,2325.118,2296.491,2320.911,0.002493
1,2013/1/24,4,2320.258,2362.943,2287.296,2302.598,-0.00789
1,2013/1/25,5,2300.001,2308.38,2288.262,2291.304,-0.004905
1,2013/1/28,1,2295.352,2346.921,2295.352,2346.505,0.024092
1,2013/1/29,2,2347.215,2363.797,2337.353,2358.977,0.005315
1,2013/1/30,3,2360.748,2383.763,2347.89,2382.475,0.009961
1,2013/1/31,4,2383.426,2391.821,2371.226,2385.422,0.001237
1,2013/2/1,5,2377.414,2421.154,2369.57,2419.02,0.014085
1,2013/2/4,1,2425.921,2440.376,2417.585,2428.154,0.003776
1,2013/2/5,2,2411.001,2437.415,2403.302,2433.13,0.002049
1,2013/2/6,3,2432.677,2441.726,2427.699,2434.477,0.000554
1,2013/2/7,4,2430.688,2433.893,2394.218,2418.53,-0.00655
1,2013/2/8,5,2416.619,2443.032,2414.398,2432.402,0.005736
1,2013/2/18,1,2441.906,2444.804,2415.429,2421.558,-0.004458
1,2013/2/19,2,2420.265,2427.075,2373.535,2382.914,-0.015958
1,2013/2/20,3,2383.493,2397.941,2370.608,2397.178,0.005986
1,2013/2/21,4,2378.822,2378.822,2309.171,2325.951,-0.029713
1,2013/2/22,5,2322.94,2330.879,2308.76,2314.164,-0.005068
1,2013/2/25,1,2320.618,2338.78,2315.012,2325.819,0.005036
1,2013/2/26,2,2313.74,2340.709,2289.887,2293.341,-0.013964
1,2013/2/27,3,2297.767,2324.627,2292.034,2313.22,0.008668
1,2013/2/28,4,2322.323,2366.164,2308.916,2365.593,0.022641
1,2013/3/1,5,2364.544,2369.649,2330.858,2359.506,-0.002573
1,2013/3/4,1,2332.08,2333.54,2259.247,2273.404,-0.036492
1,2013/3/5,2,2274.808,2328.143,2270.1,2326.306,0.02327
1,2013/3/6,3,2333.615,2351.441,2321.6,2347.179,0.008973
1,2013/3/7,4,2340.436,2352.021,2304.27,2324.293,-0.00975
1,2013/3/8,5,2326.417,2333.667,2314.587,2318.611,-0.002445
1,2013/3/11,1,2314.683,2320.961,2296.583,2310.593,-0.003458
1,2013/3/12,2,2309.158,2333.286,2264.829,2286.605,-0.010382
1,2013/3/13,3,2282.17,2286.329,2253.249,2263.968,-0.0099
1,2013/3/14,4,2255.775,2276.222,2253.31,2270.277,0.002787
1,2013/3/15,5,2269.315,2312.078,2250.005,2278.401,0.003578
1,2013/3/18,1,2267.287,2276.05,2239.214,2240.016,-0.016847
1,2013/3/19,2,2244.265,2261.314,2232.023,2257.434,0.007776
1,2013/3/20,3,2257.737,2317.86,2257.421,2317.374,0.026552
1,2013/3/21,4,2318.205,2330.813,2311.603,2324.242,0.002964
1,2013/3/22,5,2321.403,2331.995,2314.967,2328.278,0.001736
1,2013/3/25,1,2334.735,2344.894,2319.908,2326.715,-0.000671
1,2013/3/26,2,2318.578,2319.988,2281.118,2297.669,-0.012484
1,2013/3/27,3,2299.377,2323.477,2288.995,2301.259,0.001562
1,2013/3/28,4,2273.552,2273.552,2232.906,2236.302,-0.028227
1,2013/3/29,5,2238.485,2246.868,2228.813,2236.621,0.000143
1,2013/4/1,1,2229.46,2243.949,2227.314,2234.395,-0.000995
1,2013/4/2,2,2234.901,2253.421,2220.439,2227.74,-0.002978
1,2013/4/3,3,2232.694,2241.34,2217.252,2225.295,-0.001098
1,2013/4/8,1,2196.238,2212.586,2180.673,2211.592,-0.006158
1,2013/4/9,2,2215.467,2234.725,2215.467,2225.775,0.006413
1,2013/4/10,3,2224.934,2233.04,2212.561,2226.126,0.000158
1,2013/4/11,4,2236.983,2242.479,2217.265,2219.553,-0.002953
1,2013/4/12,5,2218.095,2226.262,2204.438,2206.78,-0.005755
1,2013/4/15,1,2199.914,2204.987,2177.388,2181.942,-0.011255
1,2013/4/16,2,2169.63,2196.432,2165.784,2194.846,0.005914
1,2013/4/17,3,2195.032,2197.508,2178.468,2193.796,-0.000478
1,2013/4/18,4,2181.822,2206.027,2175.444,2197.602,0.001735
1,2013/4/19,5,2201.122,2250.11,2200.584,2244.643,0.021406
1,2013/4/22,1,2236.402,2245.119,2232.258,2242.169,-0.001102
1,2013/4/23,2,2242.616,2242.616,2182.806,2184.538,-0.025703
1,2013/4/24,3,2187.349,2226.117,2184.109,2218.318,0.015463
1,2013/4/25,4,2213.185,2224.63,2191.848,2199.307,-0.00857
1,2013/4/26,5,2203.889,2210.581,2173.864,2177.912,-0.009728
1,2013/5/2,4,2170.783,2179.647,2161.14,2174.123,-0.00174
1,2013/5/3,5,2179.049,2222.811,2179.049,2205.497,0.014431
1,2013/5/6,1,2212.495,2236.066,2212.495,2231.166,0.011639
1,2013/5/7,2,2227.861,2240.256,2219.435,2235.575,0.001976
1,2013/5/8,3,2242.393,2255.208,2235.417,2246.3,0.004797
1,2013/5/9,4,2246.963,2247.864,2221.384,2232.971,-0.005934
1,2013/5/10,5,2228.819,2247.674,2225.812,2246.831,0.006207
1,2013/5/13,1,2247.678,2250.854,2231.363,2241.92,-0.002186
1,2013/5/14,2,2238.904,2239.926,2205.873,2217.01,-0.011111
1,2013/5/15,3,2217.086,2225.186,2213.582,2224.797,0.003512
1,2013/5/16,4,2221.337,2252.872,2210.77,2251.806,0.01214
1,2013/5/17,5,2249.811,2288.091,2248.413,2282.87,0.013795
1,2013/5/20,1,2286.328,2309.392,2281.899,2299.986,0.007498
1,2013/5/21,2,2297.11,2305.301,2290.124,2305.114,0.00223
1,2013/5/22,3,2303.75,2314.183,2292.431,2302.403,-0.001176
1,2013/5/23,4,2293.809,2304.953,2274.102,2275.667,-0.011612
1,2013/5/24,5,2281.445,2292.595,2270.25,2288.533,0.005654
1,2013/5/27,1,2286.661,2301.702,2283.935,2293.077,0.001986
1,2013/5/28,2,2293.4,2322.099,2281.468,2321.318,0.012316
1,2013/5/29,3,2323.539,2334.335,2321.166,2324.017,0.001163
1,2013/5/30,4,2316.253,2325.721,2310.492,2317.749,-0.002697
1,2013/5/31,5,2320.739,2325.534,2299.369,2300.595,-0.007401
1,2013/6/3,1,2300.209,2313.425,2294.113,2299.252,-0.000584
1,2013/6/4,2,2297.1,2297.1,2264.761,2272.416,-0.011672
1,2013/6/5,3,2270.712,2276.865,2260.871,2270.931,-0.000653
1,2013/6/6,4,2264.425,2266.692,2240.07,2242.11,-0.012691
1,2013/6/7,5,2242.263,2250.629,2205.066,2210.898,-0.013921
1,2013/6/13,4,2190.101,2190.101,2126.216,2148.355,-0.028289
1,2013/6/14,5,2150.06,2163.846,2142.78,2162.041,0.00637
1,2013/6/17,1,2165.994,2169.356,2147.029,2156.215,-0.002695
1,2013/6/18,2,2158.546,2161.681,2138.347,2159.291,0.001427
1,2013/6/19,3,2150.816,2150.816,2115.793,2143.454,-0.007334
1,2013/6/20,4,2132.813,2132.813,2082.825,2084.021,-0.027728
1,2013/6/21,5,2058.978,2085.86,2042.879,2073.095,-0.005243
1,2013/6/24,1,2068.862,2068.862,1958.401,1963.235,-0.052993
1,2013/6/25,2,1948.315,1963.566,1849.653,1959.508,-0.001898
1,2013/6/26,3,1954.474,1959.158,1922.824,1951.495,-0.004089
1,2013/6/27,4,1955.126,1980.54,1942.371,1950.013,-0.000759
1,2013/6/28,5,1935.516,1987.984,1925.651,1979.206,0.014971
1,2013/7/1,1,1965.987,1995.916,1957.571,1995.242,0.008102
1,2013/7/2,2,1992.89,2007.62,1978.428,2006.56,0.005672
1,2013/7/3,3,1996.506,1996.537,1965.519,1994.268,-0.006126
1,2013/7/4,4,1982.87,2022.136,1974.103,2006.098,0.005932
1,2013/7/5,5,2006.191,2021.541,2002.367,2007.199,0.000549
1,2013/7/8,1,1983.215,1983.215,1953.121,1958.273,-0.024375
1,2013/7/9,2,1953.602,1969.149,1946.366,1965.454,0.003667
1,2013/7/10,3,1962.84,2009.36,1960.277,2008.126,0.021711
1,2013/7/11,4,2011.02,2092.868,2010.4,2072.991,0.032301
1,2013/7/12,5,2068.044,2074.857,2036.05,2039.486,-0.016163
1,2013/7/15,1,2046.119,2076.665,2037.248,2059.39,0.009759
1,2013/7/16,2,2054.6,2066.363,2038.535,2065.72,0.003074
1,2013/7/17,3,2061.186,2075.813,2043.231,2044.922,-0.010068
1,2013/7/18,4,2038.4,2043.372,2016.899,2023.396,-0.010527
1,2013/7/19,5,2025.317,2035.22,1990.253,1992.648,-0.015196
1,2013/7/22,1,1977.733,2005.474,1970.639,2004.762,0.006079
1,2013/7/23,2,2008.955,2051.526,2005.092,2043.876,0.019511
1,2013/7/24,3,2035.691,2042.773,2010.424,2033.329,-0.00516
1,2013/7/25,4,2037.336,2045.365,2016.431,2021.174,-0.005978
1,2013/7/26,5,2013.19,2021.574,2000.797,2010.85,-0.005108
1,2013/7/29,1,1997.838,1997.838,1969.853,1976.306,-0.017179
1,2013/7/30,2,1981.452,2006.232,1965.361,1990.064,0.006961
1,2013/7/31,3,2000.794,2015.472,1987.88,1993.799,0.001877
1,2013/8/1,4,2000.818,2029.928,1997.058,2029.067,0.017689
1,2013/8/2,5,2039.514,2047.084,2025.654,2029.418,0.000173
1,2013/8/5,1,2031.724,2050.911,2025.226,2050.481,0.010379
1,2013/8/6,2,2043.653,2066.74,2034.957,2060.5,0.004886
1,2013/8/7,3,2056.367,2069.561,2043.75,2046.778,-0.00666
1,2013/8/8,4,2044.436,2058.561,2037.251,2044.895,-0.00092
1,2013/8/9,5,2052.244,2061.708,2030.127,2052.235,0.003589
1,2013/8/12,1,2058.416,2102.347,2055.715,2101.283,0.0239
1,2013/8/13,2,2101.324,2106.397,2093.796,2106.156,0.002319
1,2013/8/14,3,2109.225,2122.965,2093.043,2100.137,-0.002858
1,2013/8/15,4,2099.279,2108.405,2079.969,2081.88,-0.008693
1,2013/8/16,5,2075.983,2198.848,2061.654,2068.452,-0.00645
1,2013/8/19,1,2055.128,2091.132,2052.703,2085.602,0.008291
1,2013/8/20,2,2081.966,2098.98,2066.072,2072.595,-0.006237
1,2013/8/21,3,2076.271,2076.317,2056.913,2072.961,0.000177
1,2013/8/22,4,2069.313,2083.333,2062.367,2067.124,-0.002816
1,2013/8/23,5,2075.929,2079.846,2029.365,2057.458,-0.004676
1,2013/8/26,1,2061.417,2097.344,2056.133,2096.474,0.018963
1,2013/8/27,2,2095.44,2105.376,2090.425,2103.567,0.003383
1,2013/8/28,3,2092.311,2113.817,2080.861,2101.301,-0.001077
1,2013/8/29,4,2108.436,2110.894,2088.236,2097.227,-0.001939
1,2013/8/30,5,2097.217,2114.393,2089.095,2098.382,0.000551
1,2013/9/2,1,2104.09,2108.683,2078.455,2098.448,0.000031
1,2013/9/3,2,2100.449,2123.847,2095.455,2123.112,0.011753
1,2013/9/4,3,2121.68,2132.996,2115.753,2127.618,0.002122
1,2013/9/5,4,2125.255,2127.855,2115.236,2122.43,-0.002438
1,2013/9/6,5,2119.333,2143.244,2119.021,2139.993,0.008275
1,2013/9/9,1,2151.347,2218.529,2151.347,2212.516,0.033889
1,2013/9/10,2,2214.814,2238.551,2202.817,2237.984,0.011511
1,2013/9/11,3,2244.962,2258.075,2233.003,2241.268,0.001467
1,2013/9/12,4,2236.171,2270.268,2226.288,2255.605,0.006397
1,2013/9/13,5,2251.462,2259.424,2228.483,2236.217,-0.008595
1,2013/9/16,1,2244.463,2248.471,2226.171,2231.401,-0.002154
1,2013/9/17,2,2230.388,2230.929,2184.922,2185.56,-0.020544
1,2013/9/18,3,2185.936,2195.904,2172.043,2191.851,0.002878
1,2013/9/23,1,2199.361,2223.068,2198.336,2221.044,0.013319
1,2013/9/24,2,2219.467,2219.543,2187.236,2207.531,-0.006084
1,2013/9/25,3,2206.225,2217.974,2193.722,2198.515,-0.004084
1,2013/9/26,4,2192.226,2192.226,2154.721,2155.809,-0.019425
1,2013/9/27,5,2150.961,2165.777,2149.594,2160.027,0.001957
1,2013/9/30,1,2167.734,2176.303,2165.162,2174.665,0.006777
1,2013/10/8,2,2171.904,2200.018,2161.489,2198.199,0.010822
1,2013/10/9,3,2191.392,2212.347,2185.181,2211.769,0.006173
1,2013/10/10,4,2214.405,2214.592,2186.48,2190.929,-0.009422
1,2013/10/11,5,2201.409,2228.871,2200.53,2228.146,0.016987
1,2013/10/14,1,2232.218,2242.984,2226.403,2237.773,0.004321
1,2013/10/15,2,2237.931,2240.25,2221.139,2233.412,-0.001949
1,2013/10/16,3,2228.113,2228.113,2183.403,2193.074,-0.018061
1,2013/10/17,4,2201.71,2211.03,2183.246,2188.542,-0.002067
1,2013/10/18,5,2188.714,2203.291,2184.36,2193.78,0.002393
1,2013/10/21,1,2198.114,2230.285,2190.394,2229.237,0.016163
1,2013/10/22,2,2227.341,2227.341,2204.244,2210.652,-0.008337
1,2013/10/23,3,2213.274,2226.847,2177.725,2183.107,-0.01246
1,2013/10/24,4,2178.82,2183.412,2159.871,2164.322,-0.008605
1,2013/10/25,5,2163.689,2170.612,2122.678,2132.955,-0.014493
1,2013/10/28,1,2135.879,2140.957,2123.069,2133.869,0.000429
1,2013/10/29,2,2135.226,2163.657,2093.197,2128.864,-0.002346
1,2013/10/30,3,2126.69,2161.935,2121.841,2160.463,0.014843
1,2013/10/31,4,2155.511,2155.511,2137.466,2141.614,-0.008725
1,2013/11/1,5,2139.88,2157.313,2132.629,2149.562,0.003711
1,2013/11/4,1,2156.087,2160.578,2143.207,2149.634,0.000033
1,2013/11/5,2,2139.837,2158.148,2124.845,2157.24,0.003538
1,2013/11/6,3,2149.39,2166.171,2138.78,2139.607,-0.008174
1,2013/11/7,4,2136.627,2141.6,2119.186,2129.4,-0.004771
1,2013/11/8,5,2120.923,2128.581,2103.51,2106.127,-0.010929
1,2013/11/11,1,2103.299,2117.28,2093.626,2109.471,0.001588
1,2013/11/12,2,2110.724,2127.938,2108.396,2126.772,0.008202
1,2013/11/13,3,2117.886,2117.912,2086.006,2087.941,-0.018258
1,2013/11/14,4,2087.119,2102.38,2078.988,2100.506,0.006018
1,2013/11/15,5,2100.9,2153.213,2100.786,2135.827,0.016815
1,2013/11/18,1,2147.373,2198.316,2143.768,2197.219,0.028744
1,2013/11/19,2,2198.318,2203.297,2186.114,2193.125,-0.001863
1,2013/11/20,3,2201.474,2207.105,2186.642,2206.613,0.00615
1,2013/11/21,4,2197.008,2206.531,2177.735,2205.766,-0.000384
1,2013/11/22,5,2206.471,2211.066,2188.767,2196.378,-0.004256
1,2013/11/25,1,2186.058,2209.148,2181.418,2186.115,-0.004673
1,2013/11/26,2,2184.332,2192.579,2176.177,2183.073,-0.001392
1,2013/11/27,3,2181.725,2207.617,2176.847,2201.07,0.008244
1,2013/11/28,4,2204.378,2234.387,2202.623,2219.372,0.008315
1,2013/11/29,5,2221.618,2224.944,2212.263,2220.504,0.00051
1,2013/12/2,1,2203.122,2231.921,2172.633,2207.371,-0.005914
1,2013/12/3,2,2196.824,2227.925,2193.251,2222.67,0.006931
1,2013/12/4,3,2219.965,2260.871,2215.916,2251.762,0.013089
1,2013/12/5,4,2252.723,2255.261,2239.144,2247.063,-0.002087
1,2013/12/6,5,2242.563,2248.147,2228.632,2237.108,-0.00443
1,2013/12/9,1,2241.793,2249.169,2231.734,2238.2,0.000488
1,2013/12/10,2,2239.864,2250.504,2231.68,2237.492,-0.000316
1,2013/12/11,3,2228.633,2228.633,2193.16,2204.166,-0.014894
1,2013/12/12,4,2199.317,2214.548,2194.901,2202.796,-0.000622
1,2013/12/13,5,2188.259,2204.637,2183.842,2196.075,-0.003051
1,2013/12/16,1,2197.234,2201.696,2159.987,2160.861,-0.016035
1,2013/12/17,2,2161.536,2165.543,2146.314,2151.079,-0.004527
1,2013/12/18,3,2150.412,2156.593,2142.624,2148.285,-0.001299
1,2013/12/19,4,2153.674,2159.142,2126.246,2127.792,-0.009539
1,2013/12/20,5,2128.374,2131.737,2082.855,2084.794,-0.020208
1,2013/12/23,1,2089.539,2099.522,2068.543,2089.707,0.002357
1,2013/12/24,2,2094.073,2111.805,2079.81,2092.905,0.00153
1,2013/12/25,3,2095.019,2107.232,2088.297,2106.354,0.006426
1,2013/12/26,4,2102.66,2102.66,2070.546,2073.099,-0.015788
1,2013/12/27,5,2074.592,2110.357,2069.59,2101.251,0.01358
1,2013/12/30,1,2108.883,2112.009,2095.063,2097.529,-0.001771
1,2013/12/31,2,2090.679,2120.274,2087.415,2115.978,0.008796
1,2014/1/2,4,2112.126,2113.11,2101.016,2109.387,-0.003115
1,2014/1/3,5,2101.542,2102.167,2075.899,2083.136,-0.012445
1,2014/1/6,1,2078.684,2078.684,2034.006,2045.709,-0.017967
1,2014/1/7,2,2034.224,2052.279,2029.246,2047.317,0.000786
1,2014/1/8,3,2047.256,2062.952,2037.11,2044.34,-0.001454
1,2014/1/9,4,2041.773,2057.196,2026.446,2027.622,-0.008178
1,2014/1/10,5,2023.535,2029.297,2008.007,2013.298,-0.007064
1,2014/1/13,1,2014.978,2027.181,2000.404,2009.564,-0.001855
1,2014/1/14,2,2007.156,2027.428,2001.135,2026.842,0.008598
1,2014/1/15,3,2024.228,2027.409,2010.204,2023.348,-0.001724
1,2014/1/16,4,2022.538,2034.707,2014.407,2023.701,0.000174
1,2014/1/17,5,2017.522,2017.868,2001.33,2004.949,-0.009266
1,2014/1/20,1,2001.894,2005.938,1984.824,1991.253,-0.006831
1,2014/1/21,2,1992.015,2014.152,1992.015,2008.313,0.008567
1,2014/1/22,3,2009.969,2052.339,2008.93,2051.749,0.021628
1,2014/1/23,4,2048.331,2052.528,2039.052,2042.18,-0.004664
1,2014/1/24,5,2037.667,2060.986,2034.453,2054.392,0.00598
1,2014/1/27,1,2044.272,2044.846,2029.626,2033.3,-0.010267
1,2014/1/28,2,2036.402,2047.129,2026.987,2038.513,0.002564
1,2014/1/29,3,2042.176,2051.583,2039.771,2049.914,0.005593
1,2014/1/30,4,2045.931,2045.931,2031.466,2033.083,-0.008211
1,2014/2/7,5,2022.323,2044.73,2014.698,2044.497,0.005614
1,2014/2/10,1,2049.984,2087.975,2049.984,2086.067,0.020333
1,2014/2/11,2,2086.177,2111.061,2082.522,2103.671,0.008439
1,2014/2/12,3,2103.828,2110.904,2096.509,2109.955,0.002987
1,2014/2/13,4,2106.934,2122.826,2096.966,2098.401,-0.005476
1,2014/2/14,5,2097.32,2116.186,2095.09,2115.848,0.008314
1,2014/2/17,1,2124.88,2136.447,2117.689,2135.415,0.009248
1,2014/2/18,2,2134.143,2134.143,2113.128,2119.066,-0.007656
1,2014/2/19,3,2116.919,2152.961,2111.168,2142.554,0.011084
1,2014/2/20,4,2152.891,2177.978,2136.481,2138.782,-0.001761
1,2014/2/21,5,2131.592,2132.703,2098.328,2113.693,-0.011731
1,2014/2/24,1,2099.717,2099.717,2058.791,2076.686,-0.017508
1,2014/2/25,2,2077.285,2087.616,2026.543,2034.219,-0.020449
1,2014/2/26,3,2026.61,2041.627,2014.381,2041.254,0.003458
1,2014/2/27,4,2045.096,2068.314,2036.391,2047.354,0.002988
1,2014/2/28,5,2040.624,2058.489,2020.935,2056.302,0.004371
1,2014/3/3,1,2052.075,2078.333,2047.067,2075.235,0.009207
1,2014/3/4,2,2068.107,2074.025,2050.125,2071.473,-0.001813
1,2014/3/5,3,2073.295,2074.815,2050.175,2053.084,-0.008877
1,2014/3/6,4,2050.032,2065.79,2030.946,2059.578,0.003163
1,2014/3/7,5,2058.375,2079.49,2050.47,2057.908,-0.000811
1,2014/3/10,1,2042.352,2042.634,1995.549,1999.065,-0.028594
1,2014/3/11,2,1994.415,2008.071,1985.599,2001.157,0.001046
1,2014/3/12,3,1996.239,2011.06,1974.382,1997.692,-0.001731
1,2014/3/13,4,2000.695,2029.12,1996.529,2019.111,0.010722
1,2014/3/14,5,2008.825,2017.913,1990.98,2004.339,-0.007316
1,2014/3/17,1,2009.882,2024.372,1999.249,2023.673,0.009646
1,2014/3/18,2,2026.224,2034.917,2020.41,2025.196,0.000753
1,2014/3/19,3,2019.98,2022.181,2002.441,2021.734,-0.001709
1,2014/3/20,4,2017.22,2030.847,1993.002,1993.479,-0.013976
1,2014/3/21,5,1987.679,2052.472,1986.071,2047.619,0.027159
1,2014/3/24,1,2050.827,2074.056,2043.33,2066.279,0.009113
1,2014/3/25,2,2063.323,2079.551,2057.491,2067.311,0.000499
1,2014/3/26,3,2070.574,2074.572,2057.648,2063.67,-0.001761
1,2014/3/27,4,2060.812,2073.982,2042.713,2046.588,-0.008277
1,2014/3/28,5,2046.851,2060.134,2035.243,2041.712,-0.002383
1,2014/3/31,1,2043.045,2048.134,2024.185,2033.306,-0.004117
1,2014/4/1,2,2031.005,2050.681,2028.096,2047.46,0.006961
1,2014/4/2,3,2049.423,2060.778,2046.742,2058.988,0.00563
1,2014/4/3,4,2063.497,2066.007,2037.447,2043.702,-0.007424
1,2014/4/4,5,2037.552,2060.104,2035.221,2058.831,0.007403
1,2014/4/8,2,2054.53,2102.452,2052.9,2098.284,0.019163
1,2014/4/9,3,2100.651,2108.75,2095.64,2105.237,0.003314
1,2014/4/10,4,2105.876,2146.67,2098.079,2134.3,0.013805
1,2014/4/11,5,2130.368,2138.651,2120.179,2130.542,-0.001761
1,2014/4/14,1,2127.409,2134.434,2116.61,2131.539,0.000468
1,2014/4/15,2,2125.902,2125.902,2098.15,2101.601,-0.014045
1,2014/4/16,3,2097.213,2112.05,2092.157,2105.122,0.001675
1,2014/4/17,4,2108.947,2110.716,2095.714,2098.885,-0.002963
1,2014/4/18,5,2091.48,2099.637,2081.185,2097.748,-0.000542
1,2014/4/21,1,2085.98,2103.078,2065.234,2065.826,-0.015217
1,2014/4/22,2,2062.787,2073.663,2047.332,2072.831,0.003391
1,2014/4/23,3,2068.084,2076.349,2059.109,2067.382,-0.002629
1,2014/4/24,4,2064.156,2075.757,2056.193,2057.033,-0.005006
1,2014/4/25,5,2060.538,2065.643,2035.566,2036.519,-0.009973
1,2014/4/28,1,2033.337,2035.99,2000.137,2003.487,-0.01622
1,2014/4/29,2,2001.896,2021.68,1997.64,2020.341,0.008412
1,2014/4/30,3,2020.438,2029.538,2016.577,2026.358,0.002978
1,2014/5/5,1,2022.178,2028.957,2007.351,2027.353,0.000491
1,2014/5/6,2,2024.256,2038.705,2021.485,2028.038,0.000338
1,2014/5/7,3,2023.152,2024.631,2008.451,2010.083,-0.008853
1,2014/5/8,4,2006.853,2036.941,2005.685,2015.274,0.002582
1,2014/5/9,5,2016.501,2020.454,2001.3,2011.135,-0.002054
1,2014/5/12,1,2022.932,2055.506,2016.638,2052.871,0.020752
1,2014/5/13,2,2055.079,2061.06,2043.547,2050.728,-0.001044
1,2014/5/14,3,2049.27,2056.574,2042.744,2047.91,-0.001374
1,2014/5/15,4,2044.377,2047.316,2022.861,2024.974,-0.0112
1,2014/5/16,5,2023.596,2027.756,2012.694,2026.504,0.000756
1,2014/5/19,1,2023.014,2023.267,1996.015,2005.183,-0.010521
1,2014/5/20,2,2011.846,2018.156,2002.759,2008.119,0.001464
1,2014/5/21,3,2001.306,2025.194,1991.055,2024.951,0.008382
1,2014/5/22,4,2023.148,2041.96,2018.877,2021.285,-0.00181
1,2014/5/23,5,2020.115,2034.569,2017.739,2034.569,0.006572
1,2014/5/26,1,2042.028,2045.381,2035.094,2041.476,0.003395
1,2014/5/27,2,2039.791,2044.148,2032.839,2034.565,-0.003385
1,2014/5/28,3,2034.561,2052.656,2029.336,2050.228,0.007698
1,2014/5/29,4,2051.84,2057.077,2039.238,2040.595,-0.004699
1,2014/5/30,5,2040.394,2046.96,2031.373,2039.212,-0.000678
1,2014/6/3,2,2039.196,2049.576,2037.3,2038.305,-0.000445
1,2014/6/4,3,2037.989,2038.481,2012.913,2024.834,-0.006609
1,2014/6/5,4,2019.442,2041.701,2016.175,2040.878,0.007924
1,2014/6/6,5,2040.864,2041.573,2022.158,2029.956,-0.005352
1,2014/6/9,1,2024.942,2045.255,2023.198,2030.502,0.000269
1,2014/6/10,2,2033.207,2052.765,2026.389,2052.532,0.01085
1,2014/6/11,3,2049.128,2056.631,2045.407,2054.948,0.001177
1,2014/6/12,4,2051.582,2057.105,2045.962,2051.713,-0.001574
1,2014/6/13,5,2049.206,2073.596,2048.618,2070.715,0.009262
1,2014/6/16,1,2070.699,2087.322,2069.441,2085.983,0.007373
1,2014/6/17,2,2080.482,2080.482,2064.666,2066.698,-0.009245
1,2014/6/18,3,2064.383,2066.913,2051.746,2055.519,-0.005409
1,2014/6/19,4,2054.62,2059.255,2017.653,2023.735,-0.015463
1,2014/6/20,5,2013.414,2027.148,2010.53,2026.674,0.001452
1,2014/6/23,1,2026.226,2033.32,2022.917,2024.365,-0.001139
1,2014/6/24,2,2023.699,2034.707,2021.75,2033.931,0.004725
1,2014/6/25,3,2030.433,2030.616,2018.36,2025.502,-0.004144
1,2014/6/26,4,2025.662,2040.754,2025.314,2038.677,0.006505
1,2014/6/27,5,2031.907,2043.982,2025.073,2036.51,-0.001063
1,2014/6/30,1,2038.613,2052.342,2038.527,2048.327,0.005803
1,2014/7/1,2,2051.225,2052.635,2041.937,2050.381,0.001003
1,2014/7/2,3,2049.485,2060.595,2044.035,2059.418,0.004407
1,2014/7/3,4,2051.632,2066.641,2048.081,2063.229,0.001851
1,2014/7/4,5,2062.358,2065.078,2054.217,2059.375,-0.001868
1,2014/7/7,1,2058.128,2064.043,2050.887,2059.927,0.000268
1,2014/7/8,2,2058.134,2064.433,2047.204,2064.021,0.001987
1,2014/7/9,3,2061.635,2062.474,2037.601,2038.612,-0.01231
1,2014/7/10,4,2036.54,2045.527,2034.956,2038.342,-0.000132
1,2014/7/11,5,2033.869,2051.737,2033.004,2046.961,0.004228
1,2014/7/14,1,2047.744,2067.342,2044.901,2066.646,0.009617
1,2014/7/15,2,2065.9,2070.358,2059.679,2070.357,0.001796
1,2014/7/16,3,2068.343,2075.493,2061.572,2067.276,-0.001488
1,2014/7/17,4,2062.888,2062.888,2046.189,2055.591,-0.005652
1,2014/7/18,5,2047.498,2067.233,2045.996,2059.067,0.001691
1,2014/7/21,1,2057.767,2061.823,2049.175,2054.479,-0.002228
1,2014/7/22,2,2050.5,2078.085,2049.815,2075.481,0.010223
1,2014/7/23,3,2074.195,2088.192,2072.229,2078.489,0.001449
1,2014/7/24,4,2079.632,2107.946,2079.632,2105.062,0.012785
1,2014/7/25,5,2108.714,2127.217,2106.714,2126.614,0.010238
1,2014/7/28,1,2135.249,2181.496,2135.249,2177.948,0.024139
1,2014/7/29,2,2179.826,2193.523,2172.102,2183.192,0.002408
1,2014/7/30,3,2178.179,2194.572,2177.244,2181.243,-0.000893
1,2014/7/31,4,2179.543,2202.126,2173.9,2201.562,0.009315
1,2014/8/1,5,2194.17,2218.789,2184.641,2185.303,-0.007385
1,2014/8/4,1,2190.036,2224.068,2186.917,2223.331,0.017402
1,2014/8/5,2,2224.632,2226.838,2206.85,2219.945,-0.001523
1,2014/8/6,3,2212.003,2223.893,2192.993,2217.465,-0.001117
1,2014/8/7,4,2216.659,2220.568,2185.763,2187.669,-0.013437
1,2014/8/8,5,2188.709,2199.578,2180.597,2194.425,0.003088
1,2014/8/11,1,2199.433,2225.961,2198.314,2224.654,0.013775
1,2014/8/12,2,2222.696,2222.979,2210,2221.595,-0.001375
1,2014/8/13,3,2223.051,2230.991,2202.443,2222.877,0.000577
1,2014/8/14,4,2221.541,2230.894,2204.384,2206.466,-0.007383
1,2014/8/15,5,2207.226,2230.872,2203.242,2226.734,0.009186
1,2014/8/18,1,2229.804,2242.035,2228.134,2239.466,0.005718
1,2014/8/19,2,2242.34,2246.016,2227.925,2245.33,0.002618
1,2014/8/20,3,2241.664,2248.939,2233.892,2240.211,-0.00228
1,2014/8/21,4,2239.568,2240.077,2211.63,2230.458,-0.004354
1,2014/8/22,5,2228.974,2243.303,2225.267,2240.812,0.004642
1,2014/8/25,1,2241.1,2241.553,2222.009,2229.274,-0.005149
1,2014/8/26,2,2225.291,2232.785,2200.618,2207.106,-0.009944
1,2014/8/27,3,2207.03,2216.67,2204.048,2209.465,0.001069
1,2014/8/28,4,2210.484,2219.473,2194.861,2195.818,-0.006177
1,2014/8/29,5,2198.946,2218.696,2193.263,2217.2,0.009738
1,2014/9/1,1,2220.129,2236.286,2217.685,2235.511,0.008259
1,2014/9/2,2,2239.684,2267.509,2234.378,2266.046,0.013659
1,2014/9/3,3,2268.395,2290.547,2268.1,2288.627,0.009965
1,2014/9/4,4,2290.029,2307.701,2283.277,2306.862,0.007968
1,2014/9/5,5,2311.305,2327.557,2307.447,2326.432,0.008483
1,2014/9/9,2,2328.426,2331.917,2315.894,2326.527,0.000041
1,2014/9/10,3,2318.496,2321.908,2306.421,2318.305,-0.003534
1,2014/9/11,4,2315.732,2343.595,2304.602,2311.679,-0.002858
1,2014/9/12,5,2308.346,2331.95,2302.775,2331.95,0.008769
1,2014/9/15,1,2330.187,2340.449,2321.593,2339.14,0.003083
1,2014/9/16,2,2341.027,2347.935,2293.869,2296.555,-0.018205
1,2014/9/17,3,2298.982,2309.048,2282.795,2307.893,0.004937
1,2014/9/18,4,2303.85,2319.875,2297.931,2315.928,0.003482
1,2014/9/19,5,2312.984,2331.561,2305.517,2329.451,0.005839
1,2014/9/22,1,2323.554,2323.554,2284.378,2289.866,-0.016993
1,2014/9/23,2,2289.091,2311.525,2289.024,2309.718,0.00867
1,2014/9/24,3,2302.231,2345.747,2297.876,2343.575,0.014658
1,2014/9/25,4,2352.865,2365.154,2336.805,2345.103,0.000652
1,2014/9/26,5,2339.288,2350.109,2329.955,2347.718,0.001115
1,2014/9/29,1,2353.708,2363.059,2346.579,2357.711,0.004256
1,2014/9/30,2,2361.318,2365.491,2354.268,2363.87,0.002612
1,2014/10/8,3,2368.576,2382.794,2354.29,2382.794,0.008006
1,2014/10/9,4,2383.859,2391.348,2367.111,2389.371,0.00276
1,2014/10/10,5,2380.755,2386.277,2365.075,2374.54,-0.006207
1,2014/10/13,1,2366.426,2366.862,2341.124,2366.009,-0.003593
1,2014/10/14,2,2362.802,2380.515,2349.194,2359.475,-0.002762
1,2014/10/15,3,2358.233,2374.808,2344.373,2373.67,0.006016
1,2014/10/16,4,2361.13,2389.675,2353.406,2356.499,-0.007234
1,2014/10/17,5,2352.784,2360.597,2312.826,2341.184,-0.006499
1,2014/10/20,1,2346.052,2357.509,2340.459,2356.728,0.006639
1,2014/10/21,2,2355.033,2361.653,2337.551,2339.657,-0.007244
1,2014/10/22,3,2339.223,2352.124,2324.59,2326.553,-0.005601
1,2014/10/23,4,2322.316,2329.927,2297.33,2302.418,-0.010374
1,2014/10/24,5,2303.08,2314.875,2296.657,2302.28,-0.00006
1,2014/10/27,1,2293.573,2293.644,2279.836,2290.437,-0.005144
1,2014/10/28,2,2294.012,2338.278,2294.012,2337.871,0.02071
1,2014/10/29,3,2343.72,2381.643,2339.712,2373.03,0.015039
1,2014/10/30,4,2371.891,2397.256,2365.919,2391.076,0.007605
1,2014/10/31,5,2393.178,2423.596,2384.483,2420.178,0.012171
1,2014/11/3,1,2425.225,2436.785,2418.167,2430.032,0.004072
1,2014/11/4,2,2428.271,2435.223,2417.221,2430.677,0.000265
1,2014/11/5,3,2432.169,2434.363,2415.502,2419.254,-0.0047
1,2014/11/6,4,2419.617,2426.89,2401.75,2425.864,0.002732
1,2014/11/7,5,2427.898,2454.423,2407.442,2418.171,-0.003171
1,2014/11/10,1,2436.628,2474.156,2428.185,2473.673,0.022952
1,2014/11/11,2,2483.648,2508.623,2445.96,2469.673,-0.001617
1,2014/11/12,3,2454.602,2494.917,2444.814,2494.476,0.010043
1,2014/11/13,4,2494.998,2507.743,2471.407,2485.606,-0.003556
1,2014/11/14,5,2477.966,2481.025,2457.045,2478.824,-0.002729
1,2014/11/17,1,2506.864,2508.767,2472.446,2474.009,-0.001942
1,2014/11/18,2,2474.182,2477.052,2449.813,2456.366,-0.007131
1,2014/11/19,3,2452.15,2461.491,2442.71,2450.986,-0.00219
1,2014/11/20,4,2443.276,2458.319,2437.476,2452.66,0.000683
1,2014/11/21,5,2452.635,2488.201,2446.646,2486.791,0.013916
1,2014/11/24,1,2505.532,2546.746,2495.521,2532.879,0.018533
1,2014/11/25,2,2531.998,2568.381,2527.077,2567.597,0.013707
1,2014/11/26,3,2572.649,2605.07,2570.404,2604.345,0.014312
1,2014/11/27,4,2615.367,2631.399,2599.108,2630.486,0.010037
1,2014/11/28,5,2629.626,2683.18,2622.061,2682.835,0.019901
1,2014/12/1,1,2691.725,2720.743,2668.841,2680.155,-0.000999
1,2014/12/2,2,2667.82,2777.372,2665.686,2763.545,0.031114
1,2014/12/3,3,2768.678,2824.179,2733.868,2779.525,0.005782
1,2014/12/4,4,2783.469,2900.508,2772.432,2899.456,0.043148
1,2014/12/5,5,2926.573,2978.029,2813.052,2937.647,0.013172
1,2014/12/8,1,2907.815,3041.657,2879.847,3020.258,0.028121
1,2014/12/9,2,2992.49,3091.324,2834.592,2856.269,-0.054296
1,2014/12/10,3,2855.94,2946.707,2807.678,2940.006,0.029317
1,2014/12/11,4,2912.346,2965.675,2892.611,2925.743,-0.004851
1,2014/12/12,5,2929.36,2962.51,2914.956,2938.173,0.004248
1,2014/12/15,1,2921.446,2960.227,2890.904,2953.421,0.00519
1,2014/12/16,2,2953.811,3021.897,2943.912,3021.518,0.023057
1,2014/12/17,3,3031.952,3076.599,2993.333,3061.02,0.013074
1,2014/12/18,4,3062.801,3089.791,3030.319,3057.521,-0.001143
1,2014/12/19,5,3053.075,3117.527,3018.421,3108.596,0.016705
1,2014/12/22,1,3129.267,3189.867,3090.509,3127.445,0.006064
1,2014/12/23,2,3085.08,3136.838,3025.667,3032.612,-0.030323
1,2014/12/24,3,3039.206,3050.507,2934.911,2972.532,-0.019811
1,2014/12/25,4,2992.462,3073.345,2969.874,3072.536,0.033643
1,2014/12/26,5,3078.005,3164.155,3064.176,3157.603,0.027686
1,2014/12/29,1,3212.559,3223.86,3126.944,3168.016,0.003298
1,2014/12/30,2,3160.801,3190.299,3130.353,3165.815,-0.000695
1,2014/12/31,3,3172.597,3239.357,3157.259,3234.677,0.021752
